doctor_id,name,medical_field,contact_number,street_address,locality,city,state,hospital_id,salary
1,Ricki Coils,Gastroenterologist,8505894846,0 Morningstar Crossing,Bawana,Pensacola,Florida,18,100000
2,Norman Bailes,Cardiologist,4252918612,6 Declaration Crossing,Pitam Pura,Everett,Washington,13,600000
3,Merla Altham,Anesthesiologist,5187692274,5 Summerview Way,Kohat Enclave,Albany,New York,13,100000
4,Chauncey Tulleth,Psychiatrist,2064138941,01730 Waywood Place,Rithala,Tacoma,Washington,19,100000
5,Missy Thoumas,Pulmonologist,7133546123,46865 La Follette Parkway,Bawana,Spring,Texas,17,800000
6,Corbett Trudgian,Podiatrist,2144375707,0 Bunting Plaza,Dhaka,Dallas,Texas,20,900000
7,Illa Tutchings,Radiologist,4107488634,11 Tomscot Street,Karala,Ridgely,Maryland,6,100000
8,Page Spurdens,Urologist,2601765751,46594 Anderson Road,Keshav Puram,Fort Wayne,Indiana,12,1000000
9,Kristin Siddele,Anesthesiologist,2022633259,63472 Mesta Lane,Narela,Washington,District of Columbia,10,800000
10,Maryjo Greenaway,General Practitioner,7047015829,66857 Becker Point,Keshav Puram,Charlotte,North Carolina,16,100000
11,Emery Aronovich,Oncologist,4155600241,84224 Hooker Terrace,Narela,San Francisco,California,3,800000
12,Lynde A'field,Rheumatologist,2608918826,546 Sheridan Crossing,Shalimar Bagh,Fort Wayne,Indiana,19,800000
13,Celestyn Kits,Gynecologist,2286206158,907 Sunbrook Junction,Ashok Vihar,Biloxi,Mississippi,14,200000
14,Willa Charlewood,Surgeon,8044313286,2433 Warbler Pass,Karala,Richmond,Virginia,15,700000
15,Charmaine Ludvigsen,Pulmonologist,8047068701,6052 Spenser Road,Kohat Enclave,Richmond,Virginia,4,900000
16,Becky Leirmonth,Orthopedist,4082642519,6 Emmet Street,Narela,San Jose,California,11,100000
17,Bird Wadge,Rheumatologist,4045287622,73 Boyd Hill,Adarsh Nagar,Atlanta,Georgia,6,1000000
18,Christophe Gallimore,Nephrologist,8132731806,17 4th Park,Azadpur,Tampa,Florida,9,900000
19,Brandon Cops,Ophthalmologist,2024796037,349 Cherokee Center,Jahangirpuri,Washington,District of Columbia,18,700000
20,Phelia Bramo,Pediatrician,2022288671,52 Dorton Drive,Pitam Pura,Washington,District of Columbia,13,1000000
21,Lorin Farrans,Orthopedist,2814014204,00 Hudson Avenue,Rohini Sub City,Houston,Texas,17,100000
22,Willetta Sobieski,Radiologist,2401902565,885 Cordelia Park,Rani Bagh,Rockville,Maryland,14,400000
23,Benita Broinlich,Nephrologist,6467022928,150 Kim Street,Ashok Vihar,New York City,New York,13,800000
24,Burch Hallihan,Nephrologist,5023803836,1697 Elka Court,Rithala,Migrate,Kentucky,12,1000000
25,Reina Kettoe,Podiatrist,5016477984,44544 David Terrace,Kingsway Camp,Little Rock,Arkansas,15,900000
26,Carmelia Caldecutt,Pulmonologist,2132855442,82 Eggendart Alley,Ashok Vihar,Los Angeles,California,18,800000
27,Dyna Thirlwall,Allergist,9156861659,6 Vermont Avenue,Begum Pur,El Paso,Texas,17,200000
28,Huntley Pepye,Radiologist,2259805231,03 Basil Plaza,Narela,Baton Rouge,Louisiana,3,1000000
29,Tabor Salmons,Urologist,9074708624,7049 Mariners Cove Center,Dhaka,Juneau,Alaska,1,700000
30,Freddie Born,Rheumatologist,9513832508,30 Forster Alley,Pitam Pura,Riverside,California,6,500000
31,Jerrold Poyntz,Allergist,8134008699,57222 Northwestern Park,Rani Bagh,Tampa,Florida,3,700000
32,Davey Savege,Orthopedist,2176667226,56620 Lillian Avenue,Jahangirpuri,Springfield,Illinois,7,900000
33,Indira Voaden,Orthopedist,7199066096,60666 Barby Lane,Narela,Colorado Springs,Colorado,11,500000
34,Minerva Gubbin,Neurologist,2153211564,0883 Algoma Point,Jahangirpuri,Philadelphia,Pennsylvania,3,500000
35,Marsha Fritschmann,Pediatrician,9201554778,7 Havey Pass,Jahangirpuri,Green Bay,Wisconsin,7,100000
36,Germana Vittery,Psychiatrist,7025867672,29 High Crossing Crossing,Pitam Pura,Las Vegas,Nevada,14,900000
37,Bev Denyer,Endocrinologist,2034636382,3 Brentwood Street,Rani Bagh,Bridgeport,Connecticut,1,600000
38,Edgardo Buckner,Pediatrician,6178277097,7 Pearson Plaza,Rani Bagh,Boston,Massachusetts,17,500000
39,Donavon Bridgeland,Anesthesiologist,3152325283,8032 Stang Avenue,Rithala,Syracuse,New York,18,1000000
40,Morris Bines,Orthopedist,2177853131,62703 Manley Avenue,Kingsway Camp,Springfield,Illinois,8,800000
41,Osbert Simonitto,Urologist,7013758268,24 Superior Trail,Model Town,Fargo,North Dakota,17,900000
42,Harrie Mowett,Surgeon,7194030394,889 Magdeline Court,Adarsh Nagar,Colorado Springs,Colorado,3,700000
43,Larine Wigan,Allergist,5123018937,0 Weeping Birch Place,Narela,Austin,Texas,19,700000
44,Brander Cassy,Gastroenterologist,2159755466,63255 Coleman Point,Rohini Sub City,Philadelphia,Pennsylvania,19,900000
45,Hayden Sanson,Neurologist,4084303517,0 Petterle Way,Pitam Pura,San Jose,California,2,200000
46,Lelah Mascall,Cardiologist,8321735036,63 Trailsway Circle,Kingsway Camp,Houston,Texas,15,500000
47,Addi Dobbings,Dermatologist,6144562151,33 Lotheville Way,Model Town,Columbus,Ohio,17,800000
48,Junette Vasilyonok,Psychiatrist,5043399837,76757 Sloan Circle,Rohini Sub City,New Orleans,Louisiana,12,100000
49,Libbi Gregori,Pediatrician,7209611659,1015 Kensington Center,Jahangirpuri,Denver,Colorado,20,600000
50,Bobina Winear,Urologist,4237876252,2 Northfield Lane,Kingsway Camp,Chattanooga,Tennessee,13,500000
51,Carina Stutt,Pediatrician,5035090208,59 Daystar Street,Rani Bagh,Portland,Oregon,9,800000
52,Hi Grindlay,Allergist,6025831255,188 Hayes Hill,Ashok Vihar,Glendale,Arizona,2,400000
53,Zonnya Trousdale,Gastroenterologist,8602146359,5607 East Hill,Rani Bagh,Hartford,Connecticut,4,500000
54,Georgetta Harragin,Cardiologist,9168795206,40273 American Park,Begum Pur,Sacramento,California,6,500000
55,Margalo Rickards,Rheumatologist,5158422519,90 Dunning Circle,Keshav Puram,Des Moines,Iowa,16,200000
56,Wendell Spittle,Podiatrist,4057276133,2 Holmberg Point,Karala,Oklahoma City,Oklahoma,8,1000000
57,Charil Rainville,Radiologist,2539433097,7 Summer Ridge Road,Ashok Vihar,Seattle,Washington,10,500000
58,Mead Casassa,Gastroenterologist,3135866499,8 Sauthoff Hill,Kingsway Camp,Detroit,Michigan,2,100000
59,Arabella Dudden,Dermatologist,3049914371,432 Emmet Street,Keshav Puram,Charleston,West Virginia,17,1000000
60,Diannne Harry,Nephrologist,7864212871,7 Buhler Crossing,Model Town,Miami,Florida,18,600000
61,Rey Gauler,Rheumatologist,6462923630,524 Arapahoe Terrace,Kingsway Camp,New York City,New York,12,500000
62,Lionel Kryzhov,Pulmonologist,8147108638,968 Emmet Point,Keshav Puram,Erie,Pennsylvania,10,500000
63,Pooh Ruddiman,Psychiatrist,5205609217,8 Glacier Hill Hill,Keshav Puram,Tucson,Arizona,13,400000
64,Malissia Siely,Gynecologist,8433785932,3 Heffernan Point,Adarsh Nagar,Charleston,South Carolina,1,300000
65,Aldric Goodall,Gynecologist,4058050311,55127 Paget Street,Kingsway Camp,Oklahoma City,Oklahoma,10,700000
66,Rawley Antonioni,Surgeon,5041294645,2 Pearson Street,Rithala,New Orleans,Louisiana,18,500000
67,Kermie Jorio,Nephrologist,7036689514,27041 Anthes Circle,Shalimar Bagh,Washington,District of Columbia,10,900000
68,Bette-ann Vaggers,Gastroenterologist,7125514808,0606 Mallory Alley,Bawana,Omaha,Nebraska,20,100000
69,Saleem Lippo,Endocrinologist,4081459850,6927 Sommers Place,Rohini Sub City,San Jose,California,13,1000000
70,Mikael Buske,Rheumatologist,4107494357,18495 Oakridge Terrace,Begum Pur,Baltimore,Maryland,10,900000
71,Laurie Igounet,Ophthalmologist,2146635671,945 Maryland Trail,Rithala,Dallas,Texas,9,400000
72,Worth Simonot,Psychiatrist,2568311323,46 Ryan Alley,Model Town,Huntsville,Alabama,8,800000
73,Vernen Martins,Nephrologist,6165565144,89115 Kingsford Street,Model Town,Grand Rapids,Michigan,1,800000
74,Marisa Featenby,Ophthalmologist,6159415374,436 Forest Run Place,Kohat Enclave,Nashville,Tennessee,17,600000
75,Riley Lohoar,General Practitioner,9155357077,8 Northport Way,Rani Bagh,El Paso,Texas,1,100000
76,Gwenora Orchart,Gynecologist,4086192071,94 Division Alley,Azadpur,Santa Clara,California,11,1000000
77,Abdel Durbin,General Practitioner,8176958220,4 Kim Crossing,Adarsh Nagar,Arlington,Texas,17,700000
78,Aldus Phelips,Ophthalmologist,8013590673,463 Annamark Road,Begum Pur,Salt Lake City,Utah,15,800000
79,Laura Thompson,Podiatrist,7019556903,728 Kenwood Terrace,Model Town,Grand Forks,North Dakota,11,300000
80,Roberto Chitty,Radiologist,5205809532,63758 Carberry Junction,Azadpur,Tucson,Arizona,20,900000
81,Lamar Lazar,Dermatologist,5134291790,8 Lien Pass,Pitam Pura,Cincinnati,Ohio,8,100000
82,Georgetta Possek,Endocrinologist,2405396522,521 Merchant Park,Pitam Pura,Bowie,Maryland,11,200000
83,Kevan Mathe,General Practitioner,2038167006,6289 Homewood Crossing,Begum Pur,Stamford,Connecticut,17,100000
84,Rosemonde Rickford,Cardiologist,3127773918,7 Marquette Alley,Dhaka,Chicago,Illinois,7,500000
85,Dag Bussetti,Surgeon,8016769144,654 Bashford Pass,Azadpur,Salt Lake City,Utah,5,500000
86,Jeanne Palfery,Pediatrician,5091928454,490 Linden Circle,Rani Bagh,Spokane,Washington,16,100000
87,Barb Shuttleworth,Dermatologist,6147509039,7318 Nelson Avenue,Rithala,Columbus,Ohio,12,300000
88,Fidelity Kirckman,Urologist,3307796558,05 Elgar Hill,Kohat Enclave,Youngstown,Ohio,15,800000
89,Min Walden,Cardiologist,3251646123,0324 Portage Drive,Rithala,Abilene,Texas,15,100000
90,Nesta Culham,Radiologist,2511268676,99 Loeprich Plaza,Ashok Vihar,Mobile,Alabama,2,900000
91,Frants Gunderson,Rheumatologist,2516627164,0 Bowman Hill,Kohat Enclave,Mobile,Alabama,3,200000
92,Aigneis Cordaroy,Gynecologist,7574031879,80149 Gateway Trail,Kingsway Camp,Virginia Beach,Virginia,1,600000
93,Rivalee Varney,Rheumatologist,7029050805,595 Sauthoff Plaza,Bawana,Las Vegas,Nevada,17,1000000
94,Ricard Marchi,Nephrologist,3342114014,31800 Florence Avenue,Ashok Vihar,Montgomery,Alabama,20,300000
95,Megen Haylor,Rheumatologist,3187936775,98077 Pine View Place,Rithala,Shreveport,Louisiana,20,300000
96,Candida Lembrick,Dermatologist,6127696019,1797 Bay Parkway,Rohini Sub City,Saint Paul,Minnesota,6,1000000
97,Benny Elrick,Surgeon,7023912031,91167 Sunnyside Trail,Kohat Enclave,Las Vegas,Nevada,9,200000
98,Mignon Joris,General Practitioner,9077435456,129 Lerdahl Avenue,Begum Pur,Juneau,Alaska,12,100000
99,Maren McBeith,Gastroenterologist,7041991842,864 Magdeline Circle,Bawana,Charlotte,North Carolina,8,400000
100,Cynthea Tubby,General Practitioner,2125417873,3862 Birchwood Pass,Rani Bagh,Brooklyn,New York,5,600000
101,Irma Clausewitz,Nephrologist,5164598200,17 Ludington Lane,Shalimar Bagh,Great Neck,New York,9,600000
102,Druci Matterdace,Podiatrist,5748657517,859 Clarendon Crossing,Rithala,South Bend,Indiana,18,600000
103,Mildred Jemison,Allergist,8135114485,45 New Castle Way,Jahangirpuri,Zephyrhills,Florida,5,500000
104,Joana Jozefowicz,Orthopedist,5633372744,9 Maywood Junction,Adarsh Nagar,Davenport,Iowa,7,200000
105,Shoshanna Darrigone,Nephrologist,2541041900,78324 Goodland Alley,Rani Bagh,Killeen,Texas,8,800000
106,Gardiner Debling,Allergist,5717866205,742 Kensington Drive,Rithala,Arlington,Virginia,19,300000
107,Howie Marsham,Orthopedist,3619837813,4 Raven Road,Kingsway Camp,Corpus Christi,Texas,18,100000
108,Herrick Cohalan,Gastroenterologist,9185607817,864 Randy Terrace,Dhaka,Tulsa,Oklahoma,4,100000
109,Delcina Klulicek,Neurologist,7853899846,4 South Park,Kingsway Camp,Topeka,Kansas,16,700000
110,Eddy Banner,Dermatologist,9017434893,93 Moland Park,Dhaka,Memphis,Tennessee,14,200000
111,Ardelia Willcock,Pulmonologist,3103164378,05735 Kensington Park,Rani Bagh,Inglewood,California,10,700000
112,Dodie Trueman,Radiologist,8013872922,78 Hanson Pass,Rohini Sub City,Salt Lake City,Utah,13,300000
113,Aurie Aspling,Nephrologist,6191549712,031 Laurel Place,Adarsh Nagar,Chula Vista,California,10,500000
114,Elijah Bellerby,Oncologist,5162478796,81172 Green Ridge Lane,Begum Pur,Hicksville,New York,19,700000
115,Josi Oloshin,Pulmonologist,4152562135,3668 Vernon Way,Adarsh Nagar,San Francisco,California,5,600000
116,Amby Tripony,Rheumatologist,6517153612,20 Sunfield Court,Begum Pur,Saint Paul,Minnesota,2,700000
117,Caldwell Hales,Gynecologist,5059331558,0 Sutherland Lane,Rithala,Albuquerque,New Mexico,9,400000
118,Rudiger Gullam,Pediatrician,5021406746,200 Boyd Alley,Pitam Pura,Louisville,Kentucky,20,600000
119,Willa Hurrell,Pediatrician,2057236210,8374 Logan Crossing,Rithala,Birmingham,Alabama,4,700000
120,Ferrel Renfree,Oncologist,5619396859,26 Grim Street,Kingsway Camp,West Palm Beach,Florida,5,500000
121,Sib Devany,Surgeon,2134793696,22053 Claremont Plaza,Keshav Puram,Los Angeles,California,8,1000000
122,Aveline Really,Anesthesiologist,9097304660,19475 Michigan Place,Karala,San Bernardino,California,1,500000
123,Linc MacGuiness,Pediatrician,3169706859,96 Portage Junction,Shalimar Bagh,Wichita,Kansas,12,200000
124,Salim Petroulis,Ophthalmologist,6144413033,28046 Valley Edge Road,Rithala,Columbus,Ohio,13,200000
125,Karyl Dumphry,Radiologist,7577086849,4 Tennessee Park,Rithala,Herndon,Virginia,8,100000
126,Alene Grimsditch,Orthopedist,8144393948,10349 Loeprich Pass,Narela,Erie,Pennsylvania,18,800000
127,Benyamin Thomen,Neurologist,5024286734,68007 Crescent Oaks Court,Ashok Vihar,Louisville,Kentucky,17,500000
128,Sascha Bernardon,Orthopedist,2153194648,620 Green Ridge Pass,Model Town,Philadelphia,Pennsylvania,3,900000
129,Louisette Reuble,Gastroenterologist,9126479663,13861 Iowa Place,Model Town,Savannah,Georgia,6,800000
130,Prissie Dobie,Pulmonologist,8058913713,936 Lukken Place,Azadpur,Simi Valley,California,1,600000
131,Philippa Gisbourn,Urologist,5707967097,45771 Sycamore Alley,Keshav Puram,Scranton,Pennsylvania,17,800000
132,Orsa Feuell,Pediatrician,7274436539,87614 Schiller Terrace,Rani Bagh,Saint Petersburg,Florida,2,800000
133,Rubina Spiby,Dermatologist,7127080290,56 Hintze Street,Adarsh Nagar,Sioux City,Iowa,3,900000
134,Jesse Chung,Urologist,9378542556,536 Luster Parkway,Keshav Puram,Hamilton,Ohio,3,800000
135,Johan Goffe,Gastroenterologist,2123685934,2628 Fisk Circle,Bawana,New York City,New York,1,600000
136,Ewell Rate,Rheumatologist,5173069923,04 Kenwood Plaza,Azadpur,Lansing,Michigan,4,300000
137,Jenelle Kenwell,Oncologist,5712275306,944 Center Way,Bawana,Arlington,Virginia,8,1000000
138,Kenyon Shama,Orthopedist,2162842639,85 West Court,Bawana,Cleveland,Ohio,13,1000000
139,Freda Oddie,Rheumatologist,9373930391,50793 Judy Parkway,Ashok Vihar,Dayton,Ohio,3,1000000
140,Eugenius Hasell,Cardiologist,2512406519,6 Loftsgordon Alley,Narela,Mobile,Alabama,15,500000
141,Karlotta Bullant,Pulmonologist,3608072752,672 Stuart Point,Rani Bagh,Vancouver,Washington,14,900000
142,Robenia Childe,Cardiologist,2518854391,0198 Sloan Plaza,Keshav Puram,Mobile,Alabama,16,300000
143,Noland Webley,Gynecologist,5869196103,5209 Straubel Pass,Dhaka,Warren,Michigan,11,600000
144,Camey Aspland,Pulmonologist,9722139868,09917 Dorton Park,Kingsway Camp,Mesquite,Texas,7,800000
145,Anjanette Tampling,Gynecologist,4082166663,215 Hoffman Court,Adarsh Nagar,San Jose,California,18,200000
146,Izaak Croxall,Dermatologist,7571915425,0789 Washington Plaza,Rohini Sub City,Norfolk,Virginia,7,500000
147,Yard Caughte,Gastroenterologist,5595902030,5001 Scoville Terrace,Rithala,Fresno,California,3,900000
148,Diarmid MacLucais,Dermatologist,5851420019,4 Jana Place,Azadpur,Rochester,New York,14,700000
149,Dido Gifkins,General Practitioner,3043227058,9 Springs Hill,Jahangirpuri,Charleston,West Virginia,18,100000
150,Ingrim Game,Surgeon,6234753677,7 Norway Maple Pass,Rohini Sub City,Glendale,Arizona,4,300000
151,Sibby MacFayden,Gastroenterologist,8059285286,5 Calypso Plaza,Kingsway Camp,Oxnard,California,16,900000
152,Joletta Harmeston,Pediatrician,2535274712,1029 Butterfield Center,Shalimar Bagh,Tacoma,Washington,8,1000000
153,Dore Bickle,Urologist,5594349883,02659 Merry Parkway,Rohini Sub City,Fresno,California,6,700000
154,Vanya Vequaud,Neurologist,2026715560,54 Sunbrook Center,Rithala,Washington,District of Columbia,14,600000
155,Valle Loomis,Pediatrician,9796988655,55 Bartillon Way,Karala,Houston,Texas,9,200000
156,Rowe Gaylord,Urologist,9521219225,494 Debs Alley,Rohini Sub City,Young America,Minnesota,2,900000
157,Christiana Brewis,Gynecologist,4076811727,2 Spohn Center,Dhaka,Orlando,Florida,16,500000
158,Grace Herety,Urologist,8602109173,39 Calypso Point,Shalimar Bagh,Hartford,Connecticut,8,1000000
159,Lionello Hammonds,Radiologist,8047005702,02163 Ridgeway Circle,Narela,Richmond,Virginia,16,700000
160,Nataline Yanez,Anesthesiologist,7076080257,3 Warbler Parkway,Rohini Sub City,Petaluma,California,14,1000000
161,Aidan Cotter,Gynecologist,4049674992,91 Everett Point,Rohini Sub City,Atlanta,Georgia,18,300000
162,Helena Kliemchen,Ophthalmologist,8047469072,63584 Comanche Alley,Dhaka,Richmond,Virginia,1,1000000
163,Adlai Gladtbach,Gynecologist,7862187666,633 Cordelia Lane,Adarsh Nagar,Miami,Florida,1,700000
164,Chantalle Ballam,Surgeon,4152475664,51002 Bultman Park,Begum Pur,San Francisco,California,13,400000
165,Nelli Manhare,Podiatrist,2025215328,19 Bartillon Center,Dhaka,Washington,District of Columbia,15,800000
166,Nikolia Deeprose,Endocrinologist,8061656375,934 Arkansas Lane,Jahangirpuri,Amarillo,Texas,16,300000
167,Gibbie Hannan,Allergist,3372172942,0 Ridgeway Plaza,Rohini Sub City,Lafayette,Louisiana,4,100000
168,Harp Storcke,Pediatrician,4054925972,6 Kingsford Way,Ashok Vihar,Oklahoma City,Oklahoma,18,1000000
169,Rayna Timmermann,Orthopedist,7142573576,94 Tony Point,Shalimar Bagh,Irvine,California,9,500000
170,Yevette Treat,Neurologist,2029120257,29479 Oakridge Way,Rohini Sub City,Washington,District of Columbia,1,300000
171,Tommie Hallstone,Orthopedist,7191470297,756 Utah Avenue,Ashok Vihar,Colorado Springs,Colorado,13,300000
172,Ailyn Berntsson,Psychiatrist,3341126979,05275 Mariners Cove Point,Dhaka,Birmingham,Alabama,17,600000
173,Bethena Thombleson,Rheumatologist,2602008484,77 Sullivan Hill,Kingsway Camp,Fort Wayne,Indiana,3,300000
174,Chaunce O'Curran,Orthopedist,3123467244,43 Kings Avenue,Kingsway Camp,Chicago,Illinois,5,200000
175,Kristine Heinritz,Orthopedist,8644223603,1 Arapahoe Avenue,Jahangirpuri,Spartanburg,South Carolina,18,800000
176,Pip Alton,Podiatrist,7198468245,3 Cottonwood Lane,Begum Pur,Colorado Springs,Colorado,11,300000
177,Mary Baumer,Neurologist,2067520759,8509 Crescent Oaks Circle,Begum Pur,Seattle,Washington,19,900000
178,Dion Dunckley,Psychiatrist,2162527617,18 Hintze Road,Shalimar Bagh,Cleveland,Ohio,12,500000
179,Sherwin Dinis,Podiatrist,9186924330,089 Pennsylvania Circle,Rohini Sub City,Tulsa,Oklahoma,19,300000
180,Traver Bygraves,Dermatologist,8175886859,78737 Shasta Plaza,Keshav Puram,Fort Worth,Texas,1,400000
181,Eddy Koppes,Anesthesiologist,2069043764,327 Sugar Junction,Rani Bagh,Seattle,Washington,8,200000
182,Reggy Smouten,Cardiologist,5083000755,450 Arrowood Place,Pitam Pura,Boston,Massachusetts,5,200000
183,Merralee Carluccio,Allergist,8142259814,7 Monica Circle,Model Town,Erie,Pennsylvania,7,200000
184,Roddy Fourmy,Gastroenterologist,6266990912,7 Homewood Court,Narela,Pasadena,California,11,400000
185,Mason Drought,Endocrinologist,7048539659,47730 Carey Street,Azadpur,Gastonia,North Carolina,16,400000
186,Siouxie Van der Son,Surgeon,2025061681,86 Hoepker Pass,Jahangirpuri,Washington,District of Columbia,13,100000
187,Gaston Rosenvasser,Rheumatologist,9101293994,02 Arizona Park,Rani Bagh,Wilmington,North Carolina,11,600000
188,Nicoline Kleinzweig,Urologist,8105991295,2 Onsgard Lane,Ashok Vihar,Flint,Michigan,1,700000
189,Luigi Frankton,Pulmonologist,5179220673,2 Redwing Drive,Ashok Vihar,Lansing,Michigan,3,900000
190,Roxanne Gillet,Allergist,4149448460,5875 Rowland Plaza,Shalimar Bagh,Milwaukee,Wisconsin,14,900000
191,Jennette MacCaughey,Anesthesiologist,3132246899,540 Stang Drive,Rani Bagh,Detroit,Michigan,6,700000
192,Brandise Itchingham,Ophthalmologist,7271324055,4 Clemons Terrace,Jahangirpuri,Clearwater,Florida,12,500000
193,Courtney Adrianello,Radiologist,4048998080,3 Mayfield Road,Kingsway Camp,Atlanta,Georgia,4,900000
194,Valida Congreve,Gastroenterologist,7139897746,686 Village Green Alley,Shalimar Bagh,Houston,Texas,10,1000000
195,Shane Gravenor,Anesthesiologist,9102994443,3325 Browning Lane,Pitam Pura,Fayetteville,North Carolina,15,100000
196,Carleen Pyffe,Ophthalmologist,6122931692,93826 Warner Hill,Shalimar Bagh,Minneapolis,Minnesota,17,300000
197,Tish Neem,Nephrologist,9159290674,74 Gerald Parkway,Karala,El Paso,Texas,2,300000
198,Charis Laslett,Neurologist,4047851955,7 Aberg Point,Model Town,Atlanta,Georgia,9,600000
199,Georgi Sarfas,Dermatologist,6193128190,55794 Havey Pass,Shalimar Bagh,Santa Ana,California,17,100000
200,Kelley Van Rembrandt,Gynecologist,6826953948,8646 Graedel Parkway,Begum Pur,Fort Worth,Texas,9,200000
201,Gracie Shillitto,Psychiatrist,2028016426,408 Milwaukee Place,Azadpur,Washington,District of Columbia,6,700000
202,Freddi Latta,Orthopedist,3109528918,7 Blue Bill Park Drive,Begum Pur,Palo Alto,California,4,600000
203,Hershel Catlette,Nephrologist,6085574953,0 Prairie Rose Parkway,Rohini Sub City,Madison,Wisconsin,10,500000
204,Arel Stogill,Surgeon,8143596773,63459 Dexter Avenue,Jahangirpuri,Erie,Pennsylvania,13,400000
205,Burt Matokhnin,Endocrinologist,4143281789,59925 Chive Alley,Shalimar Bagh,Milwaukee,Wisconsin,5,1000000
206,Dane Backler,Nephrologist,9379245127,78 Columbus Drive,Ashok Vihar,Springfield,Ohio,18,1000000
207,Amil Trusty,Urologist,7022166357,89585 Anniversary Alley,Adarsh Nagar,Las Vegas,Nevada,14,700000
208,Coop Gingel,Rheumatologist,6025211315,0548 Scofield Road,Jahangirpuri,Glendale,Arizona,9,800000
209,Crissie Patron,Nephrologist,6511066709,7027 Huxley Circle,Narela,Saint Paul,Minnesota,16,300000
210,Clayborn Clubb,Podiatrist,6613297100,657 Laurel Place,Kohat Enclave,Lancaster,California,11,1000000
211,Corrie Boord,General Practitioner,8599242861,3062 Morning Way,Shalimar Bagh,Lexington,Kentucky,2,600000
212,Saloma Doggrell,Anesthesiologist,7134747570,7505 Havey Crossing,Kohat Enclave,Houston,Texas,17,400000
213,Thaxter Philpault,Podiatrist,2406493771,79518 Evergreen Terrace,Azadpur,Gaithersburg,Maryland,4,100000
214,Justen Sauven,Cardiologist,2542770487,0 Elka Junction,Kingsway Camp,Gatesville,Texas,20,700000
215,Meaghan Wards,Ophthalmologist,8329846023,74878 Autumn Leaf Center,Kingsway Camp,Houston,Texas,3,500000
216,Adams Laffranconi,Endocrinologist,2104369522,8948 Bashford Road,Azadpur,San Antonio,Texas,19,700000
217,Noby Bracher,Psychiatrist,9161219660,4 Dottie Way,Bawana,Sacramento,California,20,200000
218,Darrell Larchier,Rheumatologist,2126989453,601 Sugar Road,Rani Bagh,Brooklyn,New York,6,400000
219,Evelina Kynastone,Surgeon,4051913844,63788 Glendale Court,Bawana,Oklahoma City,Oklahoma,8,700000
220,Zaneta Benedtti,Ophthalmologist,8311713558,49005 Cody Pass,Kingsway Camp,Santa Cruz,California,1,300000
221,Earlie Noads,Gynecologist,8509702101,24 Columbus Avenue,Rohini Sub City,Pensacola,Florida,12,600000
222,Olenka Bourne,Allergist,7062307680,179 Ridgeview Road,Model Town,Athens,Georgia,9,600000
223,Myrna Bradborne,Urologist,5029032217,27407 Packers Hill,Kingsway Camp,Frankfort,Kentucky,15,900000
224,Ilsa Ximenez,Orthopedist,2814097073,862 Glacier Hill Junction,Keshav Puram,Houston,Texas,20,600000
225,Vita Hanham,Urologist,7187957509,78 Harper Plaza,Rani Bagh,Staten Island,New York,5,600000
226,Danya Stillwell,Radiologist,2158308776,3 Glacier Hill Lane,Jahangirpuri,Philadelphia,Pennsylvania,9,600000
227,Isobel Wickersham,Radiologist,2094818809,86713 Stang Street,Rani Bagh,Fresno,California,8,800000
228,Cordelie Burbage,Orthopedist,2123431032,9 Lakeland Center,Rani Bagh,Brooklyn,New York,11,700000
229,Helaina Rilston,Gynecologist,4157600177,443 Pond Circle,Kingsway Camp,San Francisco,California,10,600000
230,Margarethe Caltera,Podiatrist,2037947746,48 Reinke Road,Rohini Sub City,Waterbury,Connecticut,12,800000
231,Cathyleen Torrese,Nephrologist,8126934887,9639 Donald Point,Rithala,Evansville,Indiana,10,800000
232,Brook Philler,Orthopedist,2026990309,3 Briar Crest Alley,Rani Bagh,Washington,District of Columbia,5,600000
233,Arabelle Luscott,Cardiologist,9722598357,9 Cherokee Lane,Keshav Puram,Dallas,Texas,19,1000000
234,Claybourne Bridgeman,Radiologist,5087542749,439 Troy Circle,Begum Pur,Worcester,Massachusetts,9,300000
235,Herbie Craisford,Gynecologist,3034512197,5942 Veith Street,Rohini Sub City,Aurora,Colorado,8,400000
236,Cris Paik,Pulmonologist,3034330597,57 David Road,Azadpur,Denver,Colorado,13,700000
237,Griffith Maggiori,Pediatrician,2176685055,3943 Prairieview Road,Azadpur,Springfield,Illinois,2,500000
238,Abbye Dymidowski,Dermatologist,3035024038,63 Messerschmidt Place,Kingsway Camp,Denver,Colorado,2,700000
239,Wendeline Jarratt,Ophthalmologist,7579148303,0300 Vahlen Plaza,Model Town,Virginia Beach,Virginia,5,600000
240,Salome Hay,Psychiatrist,7139216838,9 David Avenue,Dhaka,Houston,Texas,14,300000
241,Terencio Sadgrove,Radiologist,4697537433,93 2nd Parkway,Keshav Puram,Dallas,Texas,15,100000
242,Kelley Sporton,General Practitioner,2024542137,0 Springview Drive,Keshav Puram,Washington,District of Columbia,7,900000
243,Edgard Colquite,General Practitioner,4134903591,3 Center Drive,Adarsh Nagar,Springfield,Massachusetts,8,200000
244,Ernestine Pechan,Gynecologist,2489788190,926 Sheridan Center,Kohat Enclave,Troy,Michigan,2,600000
245,Reagen Baiyle,Cardiologist,7189727590,77212 High Crossing Terrace,Keshav Puram,Jamaica,New York,8,400000
246,Rahal Hullah,Ophthalmologist,2255233559,5269 Beilfuss Road,Rithala,Baton Rouge,Louisiana,18,1000000
247,Brita Cappell,Endocrinologist,8018852592,9612 Pierstorff Pass,Jahangirpuri,Salt Lake City,Utah,15,900000
248,Samuele Jaquest,Radiologist,2089668187,5427 Dunning Way,Rohini Sub City,Boise,Idaho,8,800000
249,Oswald Challens,Dermatologist,5105521308,25 Northwestern Crossing,Kohat Enclave,Oakland,California,9,200000
250,Marcelo Torvey,Pediatrician,3234104356,92 Hudson Pass,Rithala,Los Angeles,California,1,500000
251,Birdie Swallow,Neurologist,2136514849,6 Trailsway Park,Kingsway Camp,Los Angeles,California,5,300000
252,Briant Willans,Cardiologist,2027356350,83988 Spenser Hill,Karala,Washington,District of Columbia,10,400000
253,Sammie Rumble,Cardiologist,9161346215,12688 Loftsgordon Crossing,Kohat Enclave,Sacramento,California,9,300000
254,Candice Hornung,Surgeon,5028217215,199 Moland Hill,Rani Bagh,Louisville,Kentucky,11,1000000
255,Belicia Broad,Ophthalmologist,5052590179,286 Jenifer Parkway,Pitam Pura,Santa Fe,New Mexico,17,300000
256,Lorna Scolts,Nephrologist,8326543124,1312 Clarendon Circle,Rithala,Houston,Texas,20,400000
257,Gregg Wolfers,Podiatrist,9012696950,17 Pine View Pass,Rani Bagh,Memphis,Tennessee,6,500000
258,Ashely Jeger,Psychiatrist,3196270489,4 Anderson Plaza,Pitam Pura,Cedar Rapids,Iowa,6,500000
259,Karim Learoyd,Orthopedist,2023242574,9994 Oak Valley Lane,Narela,Washington,District of Columbia,18,300000
260,Adan Card,Neurologist,3151309038,4 Main Parkway,Kingsway Camp,Syracuse,New York,3,100000
261,Donnell Beckett,Gastroenterologist,8167342284,5 Sunnyside Point,Azadpur,Kansas City,Missouri,8,900000
262,Suzette Effaunt,Endocrinologist,4042619055,0 Bashford Drive,Pitam Pura,Atlanta,Georgia,16,1000000
263,Moe Udie,Podiatrist,9165927982,08 Eagan Point,Kohat Enclave,Sacramento,California,6,600000
264,Lew Scaife,Nephrologist,2141370429,7996 Bartelt Way,Ashok Vihar,Dallas,Texas,18,500000
265,Orelie Coen,Podiatrist,4047169107,2031 Holy Cross Point,Adarsh Nagar,Atlanta,Georgia,7,300000
266,Fletcher Bente,Oncologist,4059186872,112 Granby Crossing,Kohat Enclave,Oklahoma City,Oklahoma,18,100000
267,Ardenia Goulbourne,Dermatologist,2127546492,3 Green Avenue,Keshav Puram,New York City,New York,14,700000
268,Rossie Padilla,Pediatrician,2028686041,352 4th Park,Kingsway Camp,Washington,District of Columbia,4,800000
269,Cherish Menloe,Nephrologist,4126664014,3 Nobel Lane,Pitam Pura,Pittsburgh,Pennsylvania,17,800000
270,Homer Dulake,Endocrinologist,7319187354,587 Blaine Place,Kingsway Camp,Jackson,Tennessee,12,100000
271,Melba Presho,Pulmonologist,7031603685,3304 Boyd Center,Rani Bagh,Alexandria,Virginia,8,700000
272,Lexi Cheake,Radiologist,2066961659,64847 Rigney Court,Bawana,Seattle,Washington,7,1000000
273,Clarie Huntriss,Rheumatologist,4349220369,9828 Sheridan Avenue,Pitam Pura,Charlottesville,Virginia,10,500000
274,Rutger Houlson,Surgeon,3231979868,8 Waxwing Road,Narela,Los Angeles,California,17,1000000
275,Brear Hazeldean,Oncologist,6514136954,21 Anthes Way,Rithala,Saint Paul,Minnesota,2,300000
276,Carlo Vaskin,Anesthesiologist,2568574988,8 Mesta Road,Rithala,Huntsville,Alabama,7,1000000
277,Rachael Starzaker,Gastroenterologist,9166378192,85726 Mitchell Alley,Rohini Sub City,Sacramento,California,20,400000
278,Mellie Dranfield,General Practitioner,9549006529,1 David Avenue,Kingsway Camp,Fort Lauderdale,Florida,10,100000
279,Leandra Fellis,Gastroenterologist,2142565514,4 Moulton Park,Adarsh Nagar,Dallas,Texas,17,900000
280,Breanne Jackes,Ophthalmologist,6123525691,6413 Nelson Place,Kohat Enclave,Minneapolis,Minnesota,12,200000
281,Stanford Backler,Podiatrist,2514176149,9490 Tennessee Place,Bawana,Mobile,Alabama,17,600000
282,Juline Juleff,Ophthalmologist,2022440557,7 Meadow Vale Way,Ashok Vihar,Washington,District of Columbia,3,900000
283,Rolando Puckring,Radiologist,9416531849,14 Village Green Pass,Azadpur,Sarasota,Florida,19,500000
284,Hersch Anthoin,Endocrinologist,3303081200,0061 Gulseth Parkway,Dhaka,Akron,Ohio,8,200000
285,Malchy Doonican,Cardiologist,9169078589,120 Basil Court,Keshav Puram,Sacramento,California,8,500000
286,Ivory Simonetti,Surgeon,3099956646,7126 Hanson Junction,Rohini Sub City,Peoria,Illinois,17,300000
287,Beaufort Lindup,Pediatrician,3123857541,57 Lerdahl Trail,Karala,Chicago,Illinois,6,1000000
288,Virge Golly,Endocrinologist,2626337234,15415 Swallow Lane,Pitam Pura,Racine,Wisconsin,16,100000
289,Wynne Cremer,Pulmonologist,6033968545,8326 Lakeland Court,Bawana,Portsmouth,New Hampshire,2,500000
290,Kip Snap,Cardiologist,8627129486,80 Blackbird Junction,Rohini Sub City,Paterson,New Jersey,7,900000
291,Aleda Boyan,Nephrologist,7017720243,9802 Fuller Hill,Jahangirpuri,Grand Forks,North Dakota,16,700000
292,Bridgette Holdren,Dermatologist,2517826163,771 American Ash Center,Kohat Enclave,Mobile,Alabama,13,400000
293,Amabelle Atley,Surgeon,4047258840,5649 Anzinger Way,Ashok Vihar,Atlanta,Georgia,5,800000
294,Man Belamy,Neurologist,2161205503,173 Katie Terrace,Narela,Cleveland,Ohio,4,100000
295,Modesta MacCurley,Endocrinologist,4052689898,5666 Barby Park,Dhaka,Oklahoma City,Oklahoma,10,900000
296,Quillan Stollard,Nephrologist,8016756116,69 Wayridge Center,Rithala,Salt Lake City,Utah,6,900000
297,Zared Sperring,Gastroenterologist,5618043797,57701 Toban Street,Bawana,Lake Worth,Florida,2,800000
298,Ric Kelley,Pulmonologist,3132613395,4 Knutson Hill,Kingsway Camp,Detroit,Michigan,14,400000
299,Farley Jakoviljevic,Cardiologist,2128587489,557 Daystar Lane,Kohat Enclave,Brooklyn,New York,6,200000
300,Alice Douch,Pulmonologist,3091242859,29 Oak Valley Junction,Adarsh Nagar,Peoria,Illinois,2,400000
301,Ginevra Spondley,Anesthesiologist,5022789365,83 Schurz Drive,Azadpur,Louisville,Kentucky,13,700000
302,Kaleb Dongall,Pulmonologist,3139096655,543 Veith Pass,Rani Bagh,Detroit,Michigan,6,100000
303,Sharyl Rosterne,Radiologist,6149507114,58072 Homewood Avenue,Begum Pur,Columbus,Ohio,2,600000
304,Windham Grestye,Neurologist,6089964089,3895 Carey Junction,Bawana,Madison,Wisconsin,15,800000
305,Tiffy Hodcroft,Gastroenterologist,8504662893,306 Anderson Crossing,Rani Bagh,Tallahassee,Florida,8,200000
306,Davie Mulmuray,Gynecologist,7192717555,282 Del Mar Trail,Azadpur,Colorado Springs,Colorado,19,700000
307,Joyann Peidro,Allergist,2535114023,8572 Dwight Center,Kingsway Camp,Tacoma,Washington,3,100000
308,Tannie Fairtlough,Podiatrist,6022800997,344 Atwood Lane,Kingsway Camp,Tempe,Arizona,6,300000
309,Delmer Fazakerley,Radiologist,2167410425,4 Merry Point,Rani Bagh,Cleveland,Ohio,14,300000
310,Uta Coke,Dermatologist,8016072332,69207 Buhler Place,Adarsh Nagar,Salt Lake City,Utah,8,600000
311,Stafani Ceccoli,Dermatologist,2027424396,72 Stone Corner Trail,Rohini Sub City,Washington,District of Columbia,7,300000
312,Lucita Beaver,Podiatrist,3056122477,4 Lawn Terrace,Adarsh Nagar,Hialeah,Florida,11,400000
313,Kristel Hardiman,Anesthesiologist,5701551595,068 Dapin Circle,Bawana,Wilkes Barre,Pennsylvania,13,300000
314,Jacquelyn Lupton,Psychiatrist,6824315627,3393 Morning Parkway,Begum Pur,Fort Worth,Texas,6,500000
315,Gretna Andersch,Ophthalmologist,8329571251,935 Carberry Parkway,Jahangirpuri,Houston,Texas,4,800000
316,Laird Faherty,Psychiatrist,8435263344,088 Butterfield Pass,Ashok Vihar,Charleston,South Carolina,7,1000000
317,Mandi Cloutt,Dermatologist,5718941747,90 Summer Ridge Trail,Kohat Enclave,Ashburn,Virginia,18,900000
318,Kingsly Conner,Podiatrist,2035799121,8 Onsgard Court,Rani Bagh,Danbury,Connecticut,17,700000
319,Zenia Newbold,Neurologist,2145153513,4 Meadow Vale Road,Keshav Puram,Mesquite,Texas,18,300000
320,Ranique Nazair,Pediatrician,5109266619,0175 Gateway Alley,Adarsh Nagar,Berkeley,California,11,800000
321,Gregoor Elam,Cardiologist,9171697894,14 Morning Court,Azadpur,New York City,New York,1,1000000
322,Danie Spellard,Anesthesiologist,7726221621,50 Veith Place,Adarsh Nagar,Vero Beach,Florida,16,1000000
323,Gaston Maystone,Nephrologist,5406512248,177 Grim Trail,Shalimar Bagh,Roanoke,Virginia,7,700000
324,Jammie Eick,Endocrinologist,3202959856,0316 Nova Center,Adarsh Nagar,Saint Cloud,Minnesota,11,900000
325,Codi Gillison,Surgeon,5132924111,725 Express Point,Pitam Pura,Cincinnati,Ohio,13,100000
326,Ricky Wormstone,Allergist,4018847681,187 Schmedeman Road,Pitam Pura,Providence,Rhode Island,20,800000
327,Jess Syseland,Allergist,9418450174,41 Marcy Road,Begum Pur,Sarasota,Florida,2,400000
328,Maximilien Kelf,Podiatrist,6465155733,48 Dawn Circle,Bawana,New York City,New York,17,800000
329,Archibold Veel,Orthopedist,2027840385,067 La Follette Crossing,Bawana,Washington,District of Columbia,18,900000
330,Herve Patel,Podiatrist,4044732542,881 Lunder Crossing,Keshav Puram,Atlanta,Georgia,6,400000
331,Sigmund McConnachie,Nephrologist,2109248209,6 Oakridge Avenue,Bawana,San Antonio,Texas,3,600000
332,Addie Burgisi,Gynecologist,4082717610,607 5th Way,Rohini Sub City,San Jose,California,5,700000
333,Ikey Frantzen,Radiologist,8165805904,1 Union Trail,Rani Bagh,Saint Joseph,Missouri,8,700000
334,Teodoro Czajkowski,Oncologist,4699112851,0457 Hoard Drive,Shalimar Bagh,Irving,Texas,14,400000
335,Dorelia Threadkell,Ophthalmologist,6518816319,9 Petterle Terrace,Model Town,Saint Paul,Minnesota,6,600000
336,Guglielmo Boak,Pulmonologist,2037404138,8586 Farwell Place,Adarsh Nagar,Bridgeport,Connecticut,18,1000000
337,Tedman Swann,Cardiologist,2408094992,6 Lotheville Terrace,Dhaka,Frederick,Maryland,3,300000
338,Teri Fermoy,Ophthalmologist,5405945290,56974 Maple Wood Street,Azadpur,Roanoke,Virginia,2,900000
339,Shanda Eltune,Cardiologist,7185046234,8 Norway Maple Place,Dhaka,Brooklyn,New York,15,900000
340,Dorian Lapworth,Oncologist,2158786442,674 Almo Parkway,Begum Pur,Philadelphia,Pennsylvania,10,800000
341,Vaughn Russen,Cardiologist,2083922948,29802 Carpenter Parkway,Rithala,Boise,Idaho,7,800000
342,Fraze Oldman,Surgeon,2025159189,80 5th Road,Bawana,Washington,District of Columbia,19,300000
343,Kevina Wardingley,Rheumatologist,3054422493,9479 Rigney Drive,Dhaka,Miami,Florida,11,600000
344,Mathias Chavey,Orthopedist,8107506293,4 Kipling Place,Karala,Flint,Michigan,10,900000
345,Giacopo Samworth,Allergist,9137240583,29745 Longview Parkway,Adarsh Nagar,Shawnee Mission,Kansas,9,1000000
346,Nicolea Gilhoolie,Ophthalmologist,8284274932,55459 Blackbird Street,Azadpur,Asheville,North Carolina,5,900000
347,Rayner Hails,Psychiatrist,4096140507,544 Burrows Lane,Kohat Enclave,Galveston,Texas,14,500000
348,Naomi Accombe,Allergist,4106108716,6383 Kenwood Terrace,Narela,Baltimore,Maryland,20,500000
349,Ally Birt,Psychiatrist,3179092967,496 Manley Alley,Rani Bagh,Indianapolis,Indiana,4,800000
350,Tobe McAsgill,Endocrinologist,6826345458,94190 Troy Crossing,Rohini Sub City,Arlington,Texas,8,300000
351,Aldrich Minifie,Psychiatrist,9511889740,98843 High Crossing Pass,Keshav Puram,Riverside,California,6,900000
352,Aylmar Egalton,Nephrologist,9525440557,84282 Ramsey Parkway,Ashok Vihar,Young America,Minnesota,18,200000
353,Silvain Scopham,Ophthalmologist,5734475724,16 Blue Bill Park Pass,Karala,Columbia,Missouri,2,200000
354,Mercy Cordingly,Ophthalmologist,2102193536,39855 Darwin Park,Bawana,San Antonio,Texas,12,300000
355,Natty Bonnin,Psychiatrist,2539866280,66160 Warrior Street,Kingsway Camp,Lakewood,Washington,4,700000
356,Teresita Anderl,General Practitioner,3148467246,38454 Florence Pass,Karala,Saint Louis,Missouri,17,900000
357,Taffy Mannock,Pulmonologist,6786289469,15897 Goodland Park,Bawana,Lawrenceville,Georgia,19,100000
358,Seka Riply,Dermatologist,4341254292,15259 Veith Avenue,Narela,Charlottesville,Virginia,18,100000
359,Mirabel Jikylls,Surgeon,8438695276,63 Kenwood Lane,Shalimar Bagh,Beaufort,South Carolina,11,700000
360,Kerby Dunnan,Anesthesiologist,5137611399,4 Golf View Pass,Ashok Vihar,Cincinnati,Ohio,20,800000
361,Levey Sofe,Pediatrician,9108186794,38017 Monica Crossing,Rithala,Fayetteville,North Carolina,12,700000
362,Melita Palffy,Ophthalmologist,2566876469,67 Old Shore Parkway,Model Town,Huntsville,Alabama,10,300000
363,Gabriela Elwyn,Anesthesiologist,2056463654,89099 Jackson Place,Kohat Enclave,Birmingham,Alabama,18,400000
364,Lucretia Mattiessen,Nephrologist,5866602936,5241 Steensland Parkway,Begum Pur,Detroit,Michigan,20,200000
365,Claudell Goring,Psychiatrist,7853495703,65 Lighthouse Bay Parkway,Begum Pur,Topeka,Kansas,9,500000
366,Missy Wanklin,Neurologist,6512275467,04700 Knutson Plaza,Keshav Puram,Saint Paul,Minnesota,19,700000
367,Cordie Blampied,Podiatrist,3057474773,2 Valley Edge Pass,Adarsh Nagar,Miami,Florida,3,600000
368,Desi Gaish,General Practitioner,9416172669,8 Anniversary Trail,Kingsway Camp,Sarasota,Florida,16,1000000
369,Ellsworth Arnot,Psychiatrist,7706505485,75 Leroy Place,Narela,Gainesville,Georgia,19,900000
370,Rosco Tibbs,Orthopedist,8655089654,31354 Duke Trail,Dhaka,Knoxville,Tennessee,3,200000
371,Neddie Monaghan,Endocrinologist,5127281571,35 Chinook Street,Rithala,Austin,Texas,3,1000000
372,Che Kenwright,Pulmonologist,4193826959,99 Hollow Ridge Court,Pitam Pura,Toledo,Ohio,13,1000000
373,Marcello Leehane,Ophthalmologist,7044679939,3 Sundown Hill,Karala,Charlotte,North Carolina,9,300000
374,Karol Sante,Ophthalmologist,5408831032,4526 Summer Ridge Crossing,Pitam Pura,Roanoke,Virginia,10,700000
375,Tyrone Oxlade,Radiologist,8167711034,0644 Commercial Center,Begum Pur,Kansas City,Kansas,19,700000
376,Tibold Kenwrick,Gynecologist,2153461624,921 Tony Lane,Kingsway Camp,Philadelphia,Pennsylvania,9,900000
377,Ciro Caghan,Rheumatologist,4025899415,9845 Jana Court,Narela,Omaha,Nebraska,4,1000000
378,Tiphanie Vasyaev,Pediatrician,8049679802,1 Scoville Avenue,Ashok Vihar,Richmond,Virginia,14,500000
379,Corilla Cochern,Radiologist,8049066647,8 Summit Point,Rohini Sub City,Richmond,Virginia,14,400000
380,Pauly Kirgan,Gynecologist,5701583008,15671 Mandrake Pass,Pitam Pura,Scranton,Pennsylvania,2,200000
381,Bordy Rawlison,Gynecologist,2027294804,8476 Bluejay Point,Kingsway Camp,Silver Spring,Maryland,13,300000
382,Emilio Blancowe,Anesthesiologist,5612742167,700 Sundown Street,Keshav Puram,Lake Worth,Florida,20,700000
383,Johann Meffen,Nephrologist,2028555158,4651 Macpherson Plaza,Jahangirpuri,Washington,District of Columbia,8,800000
384,Jordanna Billsberry,Allergist,7654800791,815 Toban Pass,Narela,Crawfordsville,Indiana,15,600000
385,Grover Saywell,Gynecologist,2067384766,36847 Division Center,Azadpur,Seattle,Washington,11,1000000
386,Inessa Glyde,Radiologist,6011289508,0072 Grover Circle,Jahangirpuri,Jackson,Mississippi,17,100000
387,Coriss Happert,Pulmonologist,6084442824,544 Michigan Terrace,Keshav Puram,Madison,Wisconsin,2,700000
388,Bria Marrow,Ophthalmologist,9712436708,706 Dakota Alley,Narela,Salem,Oregon,13,200000
389,Leopold Velte,Urologist,2135995587,7 Dennis Pass,Azadpur,Los Angeles,California,3,200000
390,Percy Boxer,Oncologist,9158411467,41345 Coolidge Plaza,Dhaka,El Paso,Texas,6,700000
391,Kaylil Kimmel,Neurologist,4104252434,00122 Carpenter Drive,Pitam Pura,Baltimore,Maryland,16,400000
392,Saleem Stithe,Orthopedist,7271432088,6 Melby Street,Begum Pur,Saint Petersburg,Florida,11,300000
393,Jefferson McGown,Urologist,5714247877,85755 Milwaukee Pass,Rani Bagh,Springfield,Virginia,9,500000
394,Derrek McCrone,Anesthesiologist,4058444105,8 Anniversary Circle,Ashok Vihar,Oklahoma City,Oklahoma,15,100000
395,Tanney Gilberthorpe,Radiologist,8061302842,6 Steensland Court,Begum Pur,Lubbock,Texas,3,400000
396,Karlotta Buddell,Gynecologist,5126128773,557 Wayridge Hill,Ashok Vihar,Austin,Texas,12,700000
397,Glad Carmichael,Dermatologist,3127148070,03 New Castle Way,Kohat Enclave,Chicago,Illinois,12,1000000
398,Arlen Glowacz,Radiologist,8068501497,26113 Hagan Center,Rani Bagh,Amarillo,Texas,7,400000
399,Sargent Farahar,Nephrologist,2406760750,2157 Maple Wood Street,Ashok Vihar,Hagerstown,Maryland,16,300000
400,Cara Baxendale,Neurologist,2104771000,501 Mariners Cove Court,Dhaka,San Antonio,Texas,1,900000
