patient_ID,name,contact_number,street_address,locality,city,state,gender,blood_group,age,email,marital_status
1,Lamond Barnewall,3058838404,7 Utah Point,Rithala,Miami,Florida,Male,O+,35,lbarnewall0@mayoclinic.com,unmarried
2,Tandi Nipper,5162787584,40036 Anderson Crossing,Pitam Pura,New Hyde Park,New York,Female,B+,27,tnipper1@yale.edu,unmarried
3,Lemmy Hugonnet,8011220554,659 Sutherland Parkway,Ashok Vihar,Salt Lake City,Utah,Male,O-,12,lhugonnet2@theatlantic.com,married
4,Asa Folkes,4044538890,15 Manufacturers Junction,Jahangirpuri,Atlanta,Georgia,Male,A+,48,afolkes3@techcrunch.com,married
5,Clyde Coldbathe,2052250215,1040 Mccormick Crossing,Rithala,Birmingham,Alabama,Male,B-,35,ccoldbathe4@privacy.gov.au,unmarried
6,Lynea Fendt,9419629943,21041 Anderson Pass,Dhaka,Seminole,Florida,Female,AB-,10,lfendt5@addtoany.com,married
7,Wiley Foster-Smith,8056434821,85424 Tony Trail,Azadpur,San Mateo,California,Male,B+,22,wfostersmith6@mysql.com,unmarried
8,Wolf Jentges,7868188666,9175 Nelson Plaza,Rithala,Miami,Florida,Male,AB-,13,wjentges7@bloglines.com,unmarried
9,Seward Gilfoy,6465782624,015 Ohio Trail,Rohini Sub City,New York City,New York,Male,O-,45,sgilfoy8@sciencedaily.com,married
10,Hillie Kline,7208185051,2 Gina Way,Dhaka,Denver,Colorado,Male,B+,38,hkline9@marriott.com,married
11,Sharia Corish,2629249873,7685 North Street,Karala,Racine,Wisconsin,Female,O-,37,scorisha@skype.com,unmarried
12,Harli Ling,7577174583,57 Oneill Drive,Kohat Enclave,Portsmouth,Virginia,Female,A-,22,hlingb@mediafire.com,unmarried
13,Vinita Nutley,9017654003,623 Dunning Street,Azadpur,Memphis,Tennessee,Female,B+,39,vnutleyc@gizmodo.com,unmarried
14,Bank Oley,9074295027,67750 Waubesa Drive,Ashok Vihar,Fairbanks,Alaska,Male,AB-,23,boleyd@people.com.cn,unmarried
15,Phillis Jakubovicz,3131355119,42697 Oriole Lane,Narela,Detroit,Michigan,Female,A-,13,pjakubovicze@lycos.com,married
16,Hildegaard Hampe,2609460689,6356 Hoepker Drive,Begum Pur,Fort Wayne,Indiana,Female,B+,20,hhampef@biglobe.ne.jp,married
17,Kelsi Fleeman,7541881924,1228 Holy Cross Parkway,Bawana,Pompano Beach,Florida,Female,O+,42,kfleemang@state.gov,married
18,Rockwell Bawme,6196871251,7 Ridgeview Junction,Adarsh Nagar,San Diego,California,Male,A+,46,rbawmeh@sun.com,unmarried
19,Rowan Woodley,4238042377,7032 Amoth Circle,Shalimar Bagh,Chattanooga,Tennessee,Male,A+,23,rwoodleyi@illinois.edu,unmarried
20,Blayne Dockray,8439673441,605 Farragut Alley,Model Town,Charleston,South Carolina,Male,AB+,33,bdockrayj@nature.com,married
21,Irene Schustl,3369545951,7475 Moland Pass,Shalimar Bagh,High Point,North Carolina,Female,O-,35,ischustlk@spotify.com,unmarried
22,Dallas Pelz,2691304331,75153 Oakridge Place,Model Town,Kalamazoo,Michigan,Female,O+,33,dpelzl@jalbum.net,married
23,Madeleine Gellett,7136194783,4025 Weeping Birch Road,Narela,Houston,Texas,Female,AB+,45,mgellettm@phpbb.com,married
24,Phedra Yearns,7206156123,3830 Burrows Circle,Rithala,Denver,Colorado,Female,AB+,47,pyearnsn@army.mil,unmarried
25,Sonnie Berardt,3052507826,3385 Barby Circle,Rithala,Boca Raton,Florida,Female,AB+,14,sberardto@skyrock.com,married
26,Gussie Littlefair,3607983603,550 Johnson Pass,Adarsh Nagar,Olympia,Washington,Female,O+,11,glittlefairp@weibo.com,married
27,Huntington Mariet,2486912237,9509 Sloan Alley,Azadpur,Farmington,Michigan,Male,O+,37,hmarietq@biblegateway.com,unmarried
28,Sherilyn Gaskall,7868886819,404 Coolidge Court,Kingsway Camp,Miami,Florida,Female,A-,27,sgaskallr@census.gov,unmarried
29,Margarita McLoney,7862340639,40761 Hagan Place,Narela,Miami,Florida,Female,B+,34,mmcloneys@goodreads.com,married
30,Finley Brixey,3305273445,2 Paget Center,Kohat Enclave,Canton,Ohio,Male,AB+,40,fbrixeyt@unesco.org,married
31,Lew Jose,3142235669,54878 Vidon Center,Kohat Enclave,Saint Louis,Missouri,Male,O+,28,ljoseu@amazon.de,married
32,Lainey Ravenshear,7579096154,9394 Debra Road,Kingsway Camp,Norfolk,Virginia,Female,AB-,31,lravenshearv@ning.com,unmarried
33,Kristi Edgars,3138533233,401 Lake View Pass,Narela,Detroit,Michigan,Female,AB-,13,kedgarsw@yelp.com,married
34,Jessika Gettens,4803302040,0425 Logan Park,Ashok Vihar,Scottsdale,Arizona,Female,B+,10,jgettensx@macromedia.com,married
35,Kerrin Brumble,2398916020,8 Talisman Terrace,Rani Bagh,Fort Myers,Florida,Female,A-,35,kbrumbley@altervista.org,unmarried
36,Marieann Croughan,7604152021,201 Tennyson Street,Bawana,Escondido,California,Female,AB+,49,mcroughanz@xing.com,married
37,Hendrick Moberley,7139367270,25 Messerschmidt Trail,Bawana,Houston,Texas,Male,A-,39,hmoberley10@noaa.gov,unmarried
38,Buddie McIlvoray,7079656724,060 Anderson Center,Rithala,Petaluma,California,Male,A+,36,bmcilvoray11@ezinearticles.com,unmarried
39,Thekla Lavalde,2058332182,010 Fieldstone Alley,Bawana,Birmingham,Alabama,Female,AB-,15,tlavalde12@opera.com,married
40,Liz Colston,2083126877,23 Morrow Parkway,Shalimar Bagh,Pocatello,Idaho,Female,A-,44,lcolston13@imgur.com,unmarried
41,Duky Massot,5022500042,88648 Hazelcrest Junction,Keshav Puram,Louisville,Kentucky,Male,B+,36,dmassot14@dailymotion.com,married
42,Delbert Lamplough,7169047489,7 Blackbird Trail,Adarsh Nagar,Buffalo,New York,Male,A-,23,dlamplough15@google.com.au,married
43,Wolf Piccard,9154310984,50412 American Ash Point,Kohat Enclave,El Paso,Texas,Male,AB-,37,wpiccard16@tmall.com,unmarried
44,Abey Gilbane,7854902665,3 Cambridge Way,Azadpur,Topeka,Kansas,Male,AB-,42,agilbane17@mlb.com,married
45,Griselda Dobinson,3095357684,5 Veith Park,Rohini Sub City,Bloomington,Illinois,Female,O-,32,gdobinson18@berkeley.edu,married
46,Kipp Haugg,9149684281,7377 Northridge Crossing,Kohat Enclave,White Plains,New York,Female,A+,43,khaugg19@artisteer.com,unmarried
47,Emmet Martusov,2143318800,683 Doe Crossing Court,Narela,Dallas,Texas,Male,AB+,31,emartusov1a@indiatimes.com,unmarried
48,Deane Charlick,8125110193,27 Fulton Road,Pitam Pura,Evansville,Indiana,Male,A-,15,dcharlick1b@xrea.com,unmarried
49,Jasper Silversmid,4082084066,5698 Hooker Street,Ashok Vihar,San Jose,California,Male,A-,42,jsilversmid1c@mlb.com,unmarried
50,Joaquin Davio,3478891219,0 Mallard Plaza,Keshav Puram,Brooklyn,New York,Male,AB+,15,jdavio1d@yahoo.com,married
51,Olive Childrens,4251484368,716 Prentice Center,Shalimar Bagh,Seattle,Washington,Female,AB+,12,ochildrens1e@unblog.fr,married
52,Abby Kneller,7574659421,2 Menomonie Junction,Ashok Vihar,Norfolk,Virginia,Male,A+,35,akneller1f@un.org,unmarried
53,Orlando Flello,9013476655,6 Pond Crossing,Ashok Vihar,Memphis,Tennessee,Male,AB+,46,oflello1g@seattletimes.com,married
54,Renie Vaadeland,5718864076,91 Crownhardt Alley,Model Town,Alexandria,Virginia,Female,B+,10,rvaadeland1h@amazon.com,married
55,Matteo Saunier,2029008699,9 Kedzie Trail,Narela,Washington,District of Columbia,Male,B+,12,msaunier1i@last.fm,unmarried
56,Brennan Salvatore,4059519662,7 Myrtle Drive,Shalimar Bagh,Oklahoma City,Oklahoma,Male,A-,25,bsalvatore1j@altervista.org,married
57,Abdel MacAless,3154521637,1472 Dorton Street,Shalimar Bagh,Utica,New York,Male,O-,25,amacaless1k@live.com,unmarried
58,Dorolice Gobat,4071754151,14 Grover Hill,Ashok Vihar,Winter Haven,Florida,Female,O-,44,dgobat1l@tumblr.com,married
59,Cindy MacMakin,8587174139,442 Goodland Junction,Model Town,San Diego,California,Female,O-,27,cmacmakin1m@illinois.edu,unmarried
60,Brooks Sallenger,7279676534,26305 Mccormick Parkway,Pitam Pura,Largo,Florida,Male,AB+,17,bsallenger1n@reference.com,married
61,Rriocard Keepence,2029959615,199 Saint Paul Lane,Azadpur,Washington,District of Columbia,Male,A-,38,rkeepence1o@mail.ru,married
62,Andrey Godson,6021150213,453 Buell Alley,Azadpur,Tempe,Arizona,Male,AB-,45,agodson1p@about.me,unmarried
63,Natty Waterhouse,2154025580,7 Dennis Parkway,Azadpur,Philadelphia,Pennsylvania,Male,A+,36,nwaterhouse1q@washingtonpost.com,unmarried
64,Chrissie Muxworthy,7758541999,08612 Morningstar Lane,Keshav Puram,Reno,Nevada,Female,B+,10,cmuxworthy1r@chicagotribune.com,unmarried
65,Ally Grindell,7571611292,36 Fuller Road,Bawana,Portsmouth,Virginia,Female,AB+,48,agrindell1s@icio.us,unmarried
66,Griselda Werlock,5185033682,5850 Kennedy Hill,Kingsway Camp,Albany,New York,Female,AB-,11,gwerlock1t@ted.com,married
67,Walton Grogona,7045820722,85 Brentwood Parkway,Kohat Enclave,Charlotte,North Carolina,Male,O-,18,wgrogona1u@youku.com,married
68,Gaylor Goldthorpe,9253611619,97 Forest Dale Trail,Rithala,Concord,California,Male,A-,24,ggoldthorpe1v@posterous.com,unmarried
69,Daisey Braden,8137541832,7493 Holy Cross Plaza,Narela,Zephyrhills,Florida,Female,O-,19,dbraden1w@scientificamerican.com,unmarried
70,Hailey McCarroll,5102896859,738 Shopko Court,Begum Pur,Oakland,California,Male,A-,21,hmccarroll1x@arstechnica.com,married
71,Puff Dalby,8133684693,791 Schurz Junction,Rithala,Tampa,Florida,Male,O+,44,pdalby1y@theatlantic.com,married
72,Benjamen Draxford,7068326490,9 Paget Pass,Narela,Columbus,Georgia,Male,AB+,12,bdraxford1z@businesswire.com,unmarried
73,Oralla McCrostie,7025857206,194 Mariners Cove Hill,Karala,Las Vegas,Nevada,Female,B-,43,omccrostie20@zdnet.com,unmarried
74,Pia Bolger,3214934251,49 Clyde Gallagher Drive,Keshav Puram,Palm Bay,Florida,Female,A-,25,pbolger21@hugedomains.com,unmarried
75,Wally Poat,7142659933,135 Coleman Way,Bawana,San Jose,California,Female,O-,19,wpoat22@dailymotion.com,unmarried
76,Kylen Bowick,7138026639,24 Starling Alley,Bawana,Houston,Texas,Female,A-,33,kbowick23@oaic.gov.au,unmarried
77,Kasey Kneafsey,9154507198,58 Packers Crossing,Kohat Enclave,El Paso,Texas,Female,A+,42,kkneafsey24@ucoz.com,married
78,Elbertina Passingham,2607008592,45519 Dorton Court,Karala,Fort Wayne,Indiana,Female,A+,16,epassingham25@tuttocitta.it,married
79,Fowler Berriman,7707027769,9 Dayton Lane,Model Town,Lawrenceville,Georgia,Male,O+,45,fberriman26@nhs.uk,unmarried
80,Mikol Fletcher,9153546549,414 Mesta Street,Rohini Sub City,El Paso,Texas,Male,O+,32,mfletcher27@cocolog-nifty.com,unmarried
81,Bernadette Louys,3304082305,7730 Mockingbird Place,Rani Bagh,Youngstown,Ohio,Female,O-,17,blouys28@latimes.com,unmarried
82,Derward Pound,2122922206,81925 Merrick Pass,Rithala,New York City,New York,Male,AB+,31,dpound29@i2i.jp,married
83,Ike Meysham,4122380854,83201 Erie Junction,Jahangirpuri,Pittsburgh,Pennsylvania,Male,AB-,11,imeysham2a@nsw.gov.au,married
84,Nels Balazs,8142779785,225 Division Point,Narela,Erie,Pennsylvania,Male,AB+,37,nbalazs2b@wsj.com,unmarried
85,Fee Bendall,6787762812,8 Crowley Way,Jahangirpuri,Marietta,Georgia,Male,A+,25,fbendall2c@tiny.cc,married
86,Major Blincow,2156604398,64980 Hazelcrest Center,Rani Bagh,Philadelphia,Pennsylvania,Male,O+,45,mblincow2d@wiley.com,married
87,Sharon Tudbald,8104149465,2346 Stang Place,Bawana,Warren,Michigan,Female,B-,22,studbald2e@spiegel.de,unmarried
88,Tannie Ollivier,3523357546,30 Dryden Road,Rohini Sub City,Ocala,Florida,Male,O-,33,tollivier2f@vimeo.com,unmarried
89,Mariquilla Dyster,9155968569,15 Darwin Pass,Pitam Pura,El Paso,Texas,Female,A-,15,mdyster2g@free.fr,married
90,Tori Valentetti,5138791207,296 Maywood Hill,Pitam Pura,Dayton,Ohio,Female,O-,42,tvalentetti2h@over-blog.com,married
91,Erna Feeley,9073054876,5831 Maple Wood Road,Jahangirpuri,Anchorage,Alaska,Female,AB-,13,efeeley2i@washington.edu,unmarried
92,Lanny Walbridge,9164352274,55 Iowa Way,Adarsh Nagar,Sacramento,California,Male,AB+,32,lwalbridge2j@icio.us,married
93,Neddie Bloxland,4045954925,274 Elmside Place,Karala,Decatur,Georgia,Male,O+,34,nbloxland2k@bloglovin.com,unmarried
94,Janek Flay,7653211832,76632 Morningstar Road,Kohat Enclave,Crawfordsville,Indiana,Male,AB-,26,jflay2l@hp.com,unmarried
95,Richardo Dunsleve,7637019644,8981 Bartillon Hill,Ashok Vihar,Minneapolis,Minnesota,Male,O+,36,rdunsleve2m@livejournal.com,unmarried
96,Xylia Silverman,9701882323,9 Transport Road,Pitam Pura,Fort Collins,Colorado,Female,A-,29,xsilverman2n@nationalgeographic.com,married
97,Riccardo Simonou,8126569181,057 Kenwood Circle,Karala,Terre Haute,Indiana,Male,A+,49,rsimonou2o@goo.gl,unmarried
98,Jeanine Ovell,6517660844,07103 Dapin Crossing,Kohat Enclave,Saint Paul,Minnesota,Female,B-,44,jovell2p@usa.gov,married
99,Reyna Castano,3034016840,5370 Birchwood Center,Kohat Enclave,Denver,Colorado,Female,B+,44,rcastano2q@admin.ch,unmarried
100,Fowler Atwool,5154246941,42 Burning Wood Court,Rani Bagh,Des Moines,Iowa,Male,B+,46,fatwool2r@instagram.com,unmarried
101,Kiersten Bolles,5176156302,80553 Dexter Pass,Jahangirpuri,Lansing,Michigan,Female,AB-,14,kbolles2s@dot.gov,married
102,Ammamaria Esposita,3096698054,1676 Oriole Street,Kingsway Camp,Carol Stream,Illinois,Female,A-,35,aesposita2t@mozilla.com,unmarried
103,Evanne Ygoe,5622348984,45759 Division Hill,Kohat Enclave,Long Beach,California,Female,A+,38,eygoe2u@ovh.net,married
104,Davidson Rentz,8054089732,211 Butterfield Avenue,Rani Bagh,Santa Barbara,California,Male,B-,21,drentz2v@twitter.com,married
105,Brody Abell,2024882727,9245 Golf Course Trail,Adarsh Nagar,Washington,District of Columbia,Male,AB+,45,babell2w@berkeley.edu,unmarried
106,Ninetta Di Franceschi,5715348408,03771 International Trail,Rithala,Alexandria,Virginia,Female,A-,17,ndi2x@csmonitor.com,married
107,Berke Quernel,2102808842,98 Hanson Plaza,Bawana,San Antonio,Texas,Male,O-,24,bquernel2y@usatoday.com,married
108,Nichole Rayson,5038519955,0471 Monument Hill,Rithala,Portland,Oregon,Male,A+,37,nrayson2z@washingtonpost.com,married
109,Maurene Whitecross,2027345535,48 Messerschmidt Hill,Keshav Puram,Washington,District of Columbia,Female,O-,19,mwhitecross30@altervista.org,married
110,Yance Boatwright,9147754798,9 Tennyson Court,Rithala,White Plains,New York,Male,AB-,28,yboatwright31@bing.com,unmarried
111,Gray Alvy,8126538902,28929 Bowman Park,Keshav Puram,Terre Haute,Indiana,Female,AB-,20,galvy32@plala.or.jp,unmarried
112,Marcelle Cotterill,2051382372,80924 Bluejay Circle,Rithala,Birmingham,Alabama,Female,A-,49,mcotterill33@rediff.com,married
113,Rudie McGinney,2149964943,918 Cottonwood Junction,Pitam Pura,Dallas,Texas,Male,O-,32,rmcginney34@eepurl.com,married
114,Nessi Shird,3302047894,62 Warrior Hill,Kohat Enclave,Youngstown,Ohio,Female,A-,18,nshird35@rediff.com,unmarried
115,Gracia Cranefield,5205999329,56 Judy Plaza,Jahangirpuri,Tucson,Arizona,Female,O+,16,gcranefield36@admin.ch,married
116,Hasheem Sneyd,8089513586,4 Division Park,Pitam Pura,Honolulu,Hawaii,Male,B+,19,hsneyd37@flavors.me,unmarried
117,Harman Andrat,2149338387,269 Dexter Pass,Keshav Puram,Dallas,Texas,Male,B-,20,handrat38@e-recht24.de,married
118,Lise Dugall,7708526917,979 Straubel Crossing,Dhaka,Marietta,Georgia,Female,AB-,35,ldugall39@netvibes.com,married
119,Aldus Waker,6126403440,509 Schlimgen Parkway,Begum Pur,Minneapolis,Minnesota,Male,AB-,10,awaker3a@economist.com,unmarried
120,Rudolf Free,6169596627,87 Buhler Center,Kohat Enclave,Grand Rapids,Michigan,Male,AB+,30,rfree3b@virginia.edu,married
121,Koo Triggol,7702096174,12692 Sullivan Alley,Rithala,Atlanta,Georgia,Female,B-,27,ktriggol3c@wordpress.org,married
122,Gerrilee Cribbins,7019843243,0557 Starling Alley,Begum Pur,Fargo,North Dakota,Female,O+,18,gcribbins3d@example.com,unmarried
123,Aline Whithorn,3049976768,04 North Alley,Begum Pur,Charleston,West Virginia,Female,B-,45,awhithorn3e@arstechnica.com,married
124,Constantin Dobbs,3235576234,981 Pierstorff Place,Jahangirpuri,Los Angeles,California,Male,A-,10,cdobbs3f@arizona.edu,unmarried
125,Ninnette Bolter,9147695505,31935 Reinke Way,Rani Bagh,Mount Vernon,New York,Female,AB+,31,nbolter3g@sbwire.com,unmarried
126,Othelia Buterton,7274864358,8052 Susan Drive,Ashok Vihar,Clearwater,Florida,Female,AB+,37,obuterton3h@free.fr,married
127,Joseito Caro,4021515077,36015 Hansons Point,Bawana,Lincoln,Nebraska,Male,AB-,42,jcaro3i@merriam-webster.com,unmarried
128,Chelsey Fradson,2484555049,9629 Coolidge Lane,Narela,Troy,Michigan,Female,O+,27,cfradson3j@creativecommons.org,unmarried
129,Nye Mills,9513758579,9125 Namekagon Road,Kingsway Camp,Riverside,California,Male,O-,21,nmills3k@utexas.edu,unmarried
130,Darwin Breen,6029898465,0 1st Lane,Jahangirpuri,Phoenix,Arizona,Male,A+,17,dbreen3l@csmonitor.com,unmarried
131,Delmor D'Avaux,7635385607,60 Anzinger Avenue,Azadpur,Minneapolis,Minnesota,Male,A+,20,ddavaux3m@uiuc.edu,married
132,Giraud Rasor,3527322626,7 Sauthoff Crossing,Jahangirpuri,Ocala,Florida,Male,B+,33,grasor3n@hubpages.com,married
133,Violet Presslie,5739225451,064 Upham Circle,Keshav Puram,Jefferson City,Missouri,Female,A-,23,vpresslie3o@nyu.edu,unmarried
134,Rem Bhar,7205209258,24 David Center,Kohat Enclave,Arvada,Colorado,Male,B+,32,rbhar3p@1688.com,married
135,Valida Zorer,7132600146,9 Talisman Parkway,Kohat Enclave,Houston,Texas,Female,O+,46,vzorer3q@telegraph.co.uk,unmarried
136,Wood Andriulis,9156598356,80947 Mendota Point,Shalimar Bagh,El Paso,Texas,Male,A+,45,wandriulis3r@psu.edu,married
137,Kerrin Heindle,4044116874,8 Graedel Crossing,Pitam Pura,Atlanta,Georgia,Female,B+,46,kheindle3s@google.ca,married
138,Alair Hannay,9258012225,85 Dryden Street,Rohini Sub City,Hayward,California,Male,O-,19,ahannay3t@apple.com,married
139,Flora Andrus,2071295981,6283 Melrose Center,Model Town,Portland,Maine,Female,B+,45,fandrus3u@tmall.com,married
140,Berke Baile,2127554294,46330 Bunting Way,Model Town,Brooklyn,New York,Male,O-,24,bbaile3v@xing.com,unmarried
141,Ollie Anfosso,9371385598,96 Sachs Pass,Shalimar Bagh,Dayton,Ohio,Female,A+,48,oanfosso3w@usnews.com,married
142,Letti Deason,8061971822,27 Sauthoff Point,Narela,Amarillo,Texas,Female,B+,33,ldeason3x@examiner.com,unmarried
143,Dotty Barrie,4053148173,11 Reindahl Terrace,Shalimar Bagh,Oklahoma City,Oklahoma,Female,A-,28,dbarrie3y@theglobeandmail.com,married
144,Fin Pretor,5155672709,137 Autumn Leaf Point,Model Town,Des Moines,Iowa,Male,AB+,35,fpretor3z@technorati.com,unmarried
145,Ezra Costi,8016471478,50637 Steensland Center,Bawana,Salt Lake City,Utah,Male,O+,11,ecosti40@engadget.com,married
146,Bryn Wem,3132227398,43703 Spohn Lane,Pitam Pura,Detroit,Michigan,Male,O-,34,bwem41@wufoo.com,married
147,Malory Peebles,5049843001,5 Petterle Point,Narela,New Orleans,Louisiana,Female,O+,45,mpeebles42@pbs.org,unmarried
148,Carr Deards,5052635037,30041 Leroy Drive,Adarsh Nagar,Albuquerque,New Mexico,Male,O-,18,cdeards43@senate.gov,married
149,Minne Oxbrow,3036634415,8993 Lakeland Road,Keshav Puram,Boulder,Colorado,Female,AB-,17,moxbrow44@meetup.com,married
150,Juli Headford,3605417772,61 Sugar Terrace,Dhaka,Seattle,Washington,Female,B-,37,jheadford45@dion.ne.jp,married
151,Fransisco Tunnacliffe,5714926547,81 Summer Ridge Parkway,Karala,Falls Church,Virginia,Male,A+,30,ftunnacliffe46@yellowpages.com,married
152,Elissa Bothe,2131081758,4115 Forest Dale Parkway,Azadpur,Los Angeles,California,Female,O+,45,ebothe47@fema.gov,married
153,Thedrick Fidelli,6145175433,06 Rigney Alley,Bawana,Columbus,Ohio,Male,A+,22,tfidelli48@shop-pro.jp,married
154,Les Asson,8169258835,27 Carpenter Avenue,Rohini Sub City,Kansas City,Missouri,Male,B+,20,lasson49@bing.com,married
155,Rhody MacCague,9044006080,682 Scott Street,Dhaka,Saint Augustine,Florida,Female,A-,22,rmaccague4a@theglobeandmail.com,married
156,Evered Soda,3107964408,13 Monica Terrace,Rohini Sub City,Palo Alto,California,Male,A+,40,esoda4b@sina.com.cn,married
157,Jemie Moorton,7142847684,48240 Reinke Street,Ashok Vihar,Santa Ana,California,Female,O+,16,jmoorton4c@ask.com,unmarried
158,Allin McCandie,2818197897,8895 Vahlen Pass,Narela,Houston,Texas,Male,B+,36,amccandie4d@addtoany.com,unmarried
159,Niccolo Burghill,3169390310,44840 Dahle Avenue,Rithala,Wichita,Kansas,Male,B+,30,nburghill4e@opensource.org,unmarried
160,Joaquin Coxhead,5718731237,37535 Clyde Gallagher Avenue,Kingsway Camp,Sterling,Virginia,Male,O-,22,jcoxhead4f@hp.com,unmarried
161,Sally Lecky,9048387810,90774 Linden Alley,Pitam Pura,Jacksonville,Florida,Female,B+,24,slecky4g@aol.com,married
162,Vivie Prydden,3609121291,91 Fieldstone Hill,Model Town,Olympia,Washington,Female,O+,11,vprydden4h@rediff.com,unmarried
163,Darrel Hatton,5035613681,7 Lakewood Road,Ashok Vihar,Portland,Oregon,Male,AB-,26,dhatton4i@addtoany.com,married
164,Robinia Snipe,2085864664,44149 Luster Circle,Bawana,Boise,Idaho,Female,O-,45,rsnipe4j@bizjournals.com,unmarried
165,Norri Iron,3375270332,0 Hazelcrest Plaza,Rithala,Lake Charles,Louisiana,Female,O-,48,niron4k@marketwatch.com,married
166,Candice Bretherick,5711483878,4423 Eastlawn Court,Shalimar Bagh,Ashburn,Virginia,Female,AB-,48,cbretherick4l@chronoengine.com,unmarried
167,Hodge Gonsalo,4695556709,69 Sunnyside Point,Rithala,Dallas,Texas,Male,B+,30,hgonsalo4m@sciencedaily.com,married
168,Mannie Dooly,8304503219,879 Nevada Alley,Ashok Vihar,San Antonio,Texas,Male,AB-,33,mdooly4n@privacy.gov.au,unmarried
169,Reina Challens,9513575202,4987 Mockingbird Circle,Pitam Pura,Riverside,California,Female,A-,41,rchallens4o@google.cn,unmarried
170,Parry Durrans,7145736517,478 Moulton Point,Model Town,Brea,California,Male,AB-,17,pdurrans4p@admin.ch,unmarried
171,Muhammad Fayter,4152153990,44 Hansons Plaza,Begum Pur,San Francisco,California,Male,AB+,49,mfayter4q@ovh.net,unmarried
172,Stinky Poveleye,6027308865,9590 Pennsylvania Center,Rohini Sub City,Phoenix,Arizona,Male,B-,11,spoveleye4r@reverbnation.com,married
173,Keeley Keohane,5593889457,756 Vidon Alley,Shalimar Bagh,Fresno,California,Female,A-,38,kkeohane4s@dailymotion.com,unmarried
174,Marguerite Kroin,2104155581,5172 Warrior Plaza,Kohat Enclave,San Antonio,Texas,Female,A+,10,mkroin4t@addthis.com,unmarried
175,Ty Risdale,6025708755,21291 Jay Trail,Rithala,Phoenix,Arizona,Male,AB-,21,trisdale4u@stanford.edu,married
176,Emmery Dimblebee,9372471303,4 Hooker Circle,Adarsh Nagar,Dayton,Ohio,Male,B+,42,edimblebee4v@dion.ne.jp,unmarried
177,Janel Christopher,4021647460,0031 Schlimgen Drive,Azadpur,Omaha,Nebraska,Female,A-,13,jchristopher4w@ox.ac.uk,unmarried
178,Tedi Lissaman,5107057352,01 Dryden Way,Rohini Sub City,Richmond,California,Female,AB-,40,tlissaman4x@behance.net,unmarried
179,Marne Udy,7571754614,71 Maywood Drive,Shalimar Bagh,Norfolk,Virginia,Female,AB-,25,mudy4y@cafepress.com,unmarried
180,Burt O' Reagan,8501512105,31312 Kinsman Lane,Karala,Panama City,Florida,Male,A-,17,bo4z@boston.com,unmarried
181,Benedetta Bramble,3058489261,11 Morningstar Lane,Adarsh Nagar,Hollywood,Florida,Female,AB+,41,bbramble50@google.it,unmarried
182,Adolpho Reinhardt,2172366367,37 Westerfield Trail,Jahangirpuri,Springfield,Illinois,Male,A+,15,areinhardt51@vinaora.com,unmarried
183,Ernestine Scrimshire,4046628494,535 Gateway Way,Narela,Atlanta,Georgia,Female,O+,25,escrimshire52@so-net.ne.jp,unmarried
184,Tarah Daily,5097017683,30 Crownhardt Junction,Bawana,Spokane,Washington,Female,A+,25,tdaily53@webs.com,unmarried
185,Shaun Robson,2136331012,87239 Orin Point,Begum Pur,Los Angeles,California,Female,O-,27,srobson54@time.com,married
186,Deerdre Basnett,5189587328,2426 Parkside Point,Kingsway Camp,Albany,New York,Female,AB+,48,dbasnett55@house.gov,unmarried
187,Vanya Baudacci,3177726916,527 Sutteridge Park,Model Town,Indianapolis,Indiana,Female,O+,47,vbaudacci56@eventbrite.com,married
188,Godfree Nelius,7575532523,88081 Montana Junction,Pitam Pura,Norfolk,Virginia,Male,A+,17,gnelius57@example.com,married
189,Doll Bedell,2025484251,00312 Kensington Plaza,Rohini Sub City,Washington,District of Columbia,Female,AB-,45,dbedell58@omniture.com,unmarried
190,Baxy Haines,5204409891,7 Lillian Alley,Rohini Sub City,Tucson,Arizona,Male,B-,33,bhaines59@reddit.com,married
191,Emmaline Trahmel,9153463036,9995 Boyd Point,Model Town,El Paso,Texas,Female,A-,13,etrahmel5a@census.gov,unmarried
192,Madelaine Briddle,8138654055,824 Memorial Lane,Bawana,Tampa,Florida,Female,A-,21,mbriddle5b@php.net,unmarried
193,Janey Pickup,8049366506,92 Elka Avenue,Azadpur,Richmond,Virginia,Female,B+,28,jpickup5c@bbc.co.uk,married
194,Ezekiel Blenkensop,6031357249,006 Johnson Drive,Keshav Puram,Portsmouth,New Hampshire,Male,A+,42,eblenkensop5d@go.com,unmarried
195,Gertie Koppen,9091331594,1 Oneill Trail,Kingsway Camp,San Bernardino,California,Female,B-,11,gkoppen5e@cornell.edu,unmarried
196,Tarrance Aitkenhead,7606641171,43 Sutherland Circle,Begum Pur,San Bernardino,California,Male,A+,40,taitkenhead5f@drupal.org,unmarried
197,Raye Wigsell,8128020973,1 Clove Drive,Kohat Enclave,Terre Haute,Indiana,Female,B-,41,rwigsell5g@sitemeter.com,married
198,Gaelan Devitt,8123412188,1 Cascade Hill,Shalimar Bagh,Evansville,Indiana,Male,A-,39,gdevitt5h@engadget.com,married
199,Jacobo Bengall,9045402635,0246 Everett Street,Rohini Sub City,Jacksonville,Florida,Male,B-,11,jbengall5i@abc.net.au,unmarried
200,Rebe Mumford,5406528768,549 Colorado Alley,Bawana,Roanoke,Virginia,Female,A+,34,rmumford5j@nationalgeographic.com,married
201,Ric Farfalameev,8013633018,5 Coolidge Trail,Karala,Salt Lake City,Utah,Male,O-,29,rfarfalameev5k@163.com,unmarried
202,Joanna Valentine,2129334644,6023 Dunning Road,Shalimar Bagh,New York City,New York,Female,O-,42,jvalentine5l@reddit.com,married
203,Ranique Kissock,3606244727,745 Del Mar Court,Dhaka,Olympia,Washington,Female,A-,12,rkissock5m@drupal.org,married
204,Dayle O'Beirne,3142356270,87 Longview Plaza,Azadpur,Saint Louis,Missouri,Female,A-,27,dobeirne5n@desdev.cn,unmarried
205,Mabel Dessaur,5409151454,54536 6th Lane,Azadpur,Roanoke,Virginia,Female,AB+,23,mdessaur5o@linkedin.com,married
206,Gabbey Levitt,2164915898,049 Schlimgen Road,Shalimar Bagh,Cleveland,Ohio,Female,O-,15,glevitt5p@quantcast.com,unmarried
207,Saleem Dooly,5098078693,285 Westport Way,Rohini Sub City,Spokane,Washington,Male,AB-,18,sdooly5q@constantcontact.com,married
208,Any Kilian,7024432569,1 Old Shore Point,Keshav Puram,Las Vegas,Nevada,Male,A-,35,akilian5r@blogger.com,married
209,Addy Mingame,4137775121,3611 Ruskin Plaza,Model Town,Springfield,Massachusetts,Female,AB-,32,amingame5s@cocolog-nifty.com,unmarried
210,Jillayne Sleford,5307130051,3 Delaware Terrace,Kingsway Camp,South Lake Tahoe,California,Female,B-,29,jsleford5t@ovh.net,married
211,Raymond Hubane,5598557301,678 Eagle Crest Avenue,Rohini Sub City,Fresno,California,Male,A+,46,rhubane5u@storify.com,unmarried
212,Deborah Michurin,8628488481,3476 Meadow Vale Terrace,Narela,Paterson,New Jersey,Female,A+,28,dmichurin5v@soup.io,unmarried
213,Ginger McFaul,9017792289,40595 Scott Pass,Rani Bagh,Memphis,Tennessee,Male,A-,23,gmcfaul5w@bravesites.com,unmarried
214,Othello Antonutti,9782956638,0428 Hanover Plaza,Rithala,Boston,Massachusetts,Male,A+,33,oantonutti5x@whitehouse.gov,unmarried
215,Samuele Tatham,7853084703,18196 Pawling Circle,Kingsway Camp,Topeka,Kansas,Male,O-,16,statham5y@instagram.com,married
216,Asher Samuels,6152762886,968 Kinsman Park,Keshav Puram,Nashville,Tennessee,Male,A+,39,asamuels5z@woothemes.com,unmarried
217,Hartwell Tankard,2255607232,4 Sullivan Crossing,Azadpur,Baton Rouge,Louisiana,Male,AB-,27,htankard60@accuweather.com,married
218,Bruis McTrustey,2677976145,5434 Stoughton Avenue,Ashok Vihar,Philadelphia,Pennsylvania,Male,A-,46,bmctrustey61@paginegialle.it,unmarried
219,Dana Flannery,7321044292,427 Stone Corner Park,Begum Pur,New Brunswick,New Jersey,Male,A+,20,dflannery62@aboutads.info,married
220,Olenolin Dawid,6149718830,8850 Orin Junction,Shalimar Bagh,Columbus,Ohio,Male,B+,22,odawid63@bbc.co.uk,unmarried
221,Darla Rains,7578730036,460 Northfield Crossing,Rani Bagh,Norfolk,Virginia,Female,B+,14,drains64@java.com,married
222,Saloma Shambrooke,7859433427,958 Scofield Way,Karala,Topeka,Kansas,Female,AB-,13,sshambrooke65@so-net.ne.jp,unmarried
223,Zack Cassius,9037586980,3154 Fallview Road,Karala,Tyler,Texas,Male,AB-,40,zcassius66@jalbum.net,unmarried
224,Justine Woodburn,4406269219,42499 American Ash Avenue,Model Town,Cleveland,Ohio,Female,B-,29,jwoodburn67@netlog.com,unmarried
225,Guillermo Della Scala,5137903779,9813 Eastlawn Terrace,Jahangirpuri,Cincinnati,Ohio,Male,O-,28,gdella68@seesaa.net,unmarried
226,Kelsi Dudson,8059459082,059 Mayfield Drive,Narela,San Luis Obispo,California,Female,AB-,28,kdudson69@wufoo.com,married
227,Cathi Parry,3037511914,829 Russell Lane,Narela,Boulder,Colorado,Female,O-,42,cparry6a@pcworld.com,married
228,Lianna Vallery,2281426134,70492 Melody Place,Keshav Puram,Biloxi,Mississippi,Female,A-,38,lvallery6b@weather.com,married
229,Celinda Alpes,8014839921,1 Sachs Avenue,Shalimar Bagh,Salt Lake City,Utah,Female,B+,14,calpes6c@state.tx.us,married
230,Lesley McLucas,9367802846,5 Hoffman Road,Shalimar Bagh,Conroe,Texas,Female,AB+,46,lmclucas6d@sciencedaily.com,unmarried
231,Dani Fazan,4024225303,545 Charing Cross Crossing,Pitam Pura,Lincoln,Nebraska,Male,O+,37,dfazan6e@boston.com,married
232,Rogerio Jeanes,3187363636,28 Center Hill,Rani Bagh,Shreveport,Louisiana,Male,B+,40,rjeanes6f@stanford.edu,unmarried
233,Else Davey,4346706113,73506 Monterey Way,Shalimar Bagh,Durham,North Carolina,Female,B+,21,edavey6g@google.de,married
234,Maynard Coward,3301312322,63696 Summerview Pass,Jahangirpuri,Akron,Ohio,Male,AB-,40,mcoward6h@parallels.com,married
235,Jorrie Duddan,6149599729,214 Packers Junction,Rani Bagh,Columbus,Ohio,Female,A+,45,jduddan6i@economist.com,married
236,Alexandr Siddons,3527809553,1915 Buena Vista Plaza,Model Town,Spring Hill,Florida,Male,B+,15,asiddons6j@timesonline.co.uk,unmarried
237,Jedd Bisseker,2142651058,8750 Evergreen Court,Jahangirpuri,Dallas,Texas,Male,A+,20,jbisseker6k@w3.org,married
238,Kylie Redding,7578043684,5 Red Cloud Pass,Model Town,Chesapeake,Virginia,Male,O-,38,kredding6l@washington.edu,unmarried
239,Lanny Fiddeman,9155485937,29227 Bunting Center,Model Town,El Paso,Texas,Male,B+,23,lfiddeman6m@drupal.org,unmarried
240,Roanna Cruikshanks,2145412149,24 Kennedy Circle,Jahangirpuri,Dallas,Texas,Female,AB+,11,rcruikshanks6n@lulu.com,unmarried
241,Anstice Kneebone,9012078900,181 Upham Point,Model Town,Memphis,Tennessee,Female,O-,11,akneebone6o@ucsd.edu,unmarried
242,Ortensia Grayshon,3046396217,3 Vidon Terrace,Karala,Huntington,West Virginia,Female,B+,14,ograyshon6p@squarespace.com,married
243,Basil Rolance,3187308858,6296 Grover Street,Keshav Puram,Shreveport,Louisiana,Male,AB+,34,brolance6q@ameblo.jp,married
244,Christy Scheffler,5203281459,79203 Anniversary Terrace,Bawana,Tucson,Arizona,Female,AB-,36,cscheffler6r@php.net,married
245,Wyn Lindblom,3093553643,5 Memorial Pass,Rani Bagh,Peoria,Illinois,Male,AB+,41,wlindblom6s@timesonline.co.uk,married
246,Kurtis Giacomozzo,7735414894,77053 Warbler Road,Begum Pur,Chicago,Illinois,Male,B-,44,kgiacomozzo6t@cbsnews.com,unmarried
247,Ferdinanda Chatt,3342153347,84179 Southridge Terrace,Kingsway Camp,Montgomery,Alabama,Female,O-,25,fchatt6u@opera.com,married
248,Leona Gudahy,3373215722,5745 Marquette Pass,Dhaka,Lafayette,Louisiana,Female,O-,18,lgudahy6v@time.com,married
249,Kirstyn Martt,7043587759,80713 Daystar Park,Shalimar Bagh,Charlotte,North Carolina,Female,O-,14,kmartt6w@shutterfly.com,unmarried
250,Alyce Bartholin,7637186106,19613 Sutherland Pass,Karala,Minneapolis,Minnesota,Female,AB-,40,abartholin6x@google.nl,married
251,Clementia Harbour,5705991257,59 Namekagon Street,Ashok Vihar,Wilkes Barre,Pennsylvania,Female,O-,48,charbour6y@hatena.ne.jp,unmarried
252,Jemie Jewks,3175863957,9 Old Gate Avenue,Azadpur,Indianapolis,Indiana,Female,AB-,18,jjewks6z@biblegateway.com,unmarried
253,Jania Bester,7207535027,18124 Anzinger Alley,Bawana,Littleton,Colorado,Female,O+,19,jbester70@netscape.com,unmarried
254,Sissy Klas,5182540610,9649 Melby Crossing,Model Town,Albany,New York,Female,O-,21,sklas71@reference.com,married
255,Mort Corry,3308631979,2 Lillian Junction,Kohat Enclave,Warren,Ohio,Male,AB+,12,mcorry72@comsenz.com,unmarried
256,Bondon Marsh,9893845893,187 Nobel Parkway,Kohat Enclave,Saginaw,Michigan,Male,B-,14,bmarsh73@forbes.com,married
257,Rosita Randal,8146515195,2 Anthes Drive,Karala,Erie,Pennsylvania,Female,AB+,41,rrandal74@washingtonpost.com,unmarried
258,Junie Custy,4785287883,1 Tomscot Street,Shalimar Bagh,Macon,Georgia,Female,AB-,31,jcusty75@infoseek.co.jp,married
259,Abbot McFetridge,3187555531,971 Graedel Parkway,Azadpur,Alexandria,Louisiana,Male,A+,47,amcfetridge76@washingtonpost.com,unmarried
260,Jobina Thorouggood,3526459340,123 Nova Circle,Rohini Sub City,Gainesville,Florida,Female,B-,28,jthorouggood77@google.com.hk,unmarried
261,Madelyn Simcock,2146126814,779 Del Mar Street,Kingsway Camp,Dallas,Texas,Female,B-,27,msimcock78@linkedin.com,married
262,Bibi Willwood,3059972152,4 Clarendon Crossing,Keshav Puram,Miami Beach,Florida,Female,A-,33,bwillwood79@cornell.edu,unmarried
263,Melva Lumpkin,2165842322,99 Weeping Birch Street,Rani Bagh,Cleveland,Ohio,Female,A+,21,mlumpkin7a@japanpost.jp,unmarried
264,Cecile Tarbard,3303316698,1360 Sommers Pass,Rithala,Canton,Ohio,Female,B+,43,ctarbard7b@columbia.edu,married
265,Ora Quinevan,5043162729,33375 Sachs Pass,Azadpur,New Orleans,Louisiana,Female,O-,16,oquinevan7c@wired.com,married
266,Arman Chalder,2024039868,86621 Warbler Circle,Rithala,Washington,District of Columbia,Male,AB-,12,achalder7d@mediafire.com,unmarried
267,Adan Krinks,7543147456,9591 Bluestem Crossing,Adarsh Nagar,Fort Lauderdale,Florida,Female,B-,40,akrinks7e@reddit.com,unmarried
268,Sukey Ren,6059129124,2 Mccormick Parkway,Begum Pur,Sioux Falls,South Dakota,Female,A+,15,sren7f@sohu.com,married
269,Maurits Chadwick,2021733529,14 Delaware Terrace,Rohini Sub City,Washington,District of Columbia,Male,B+,47,mchadwick7g@so-net.ne.jp,unmarried
270,Matilde Gurry,5156886481,367 Nancy Hill,Ashok Vihar,Des Moines,Iowa,Female,O-,19,mgurry7h@techcrunch.com,married
271,Mellicent Bowlas,4249360808,78975 Oxford Hill,Kingsway Camp,Los Angeles,California,Female,A-,24,mbowlas7i@nasa.gov,unmarried
272,Marylin Shapter,6129770576,35879 Village Circle,Bawana,Minneapolis,Minnesota,Female,AB+,36,mshapter7j@harvard.edu,unmarried
273,Rickert Filtness,9034451436,39052 Hoepker Park,Rohini Sub City,Tyler,Texas,Male,AB-,36,rfiltness7k@ezinearticles.com,unmarried
274,Elizabet Durek,6101500606,68499 Sunbrook Parkway,Rohini Sub City,Reading,Pennsylvania,Female,AB-,22,edurek7l@storify.com,unmarried
275,Ali Mariyushkin,4135243634,3 Luster Crossing,Rithala,Springfield,Massachusetts,Male,B+,42,amariyushkin7m@ca.gov,married
276,Suzie Gommery,9082263517,403 Garrison Junction,Azadpur,Elizabeth,New Jersey,Female,O+,39,sgommery7n@marketwatch.com,married
277,Adolph Rathe,5712917979,79 Northview Drive,Model Town,Dulles,Virginia,Male,A-,39,arathe7o@elpais.com,married
278,Elfie Goathrop,6177207767,2618 Havey Court,Rani Bagh,Boston,Massachusetts,Female,AB+,26,egoathrop7p@sciencedaily.com,unmarried
279,Janessa O'Devey,6147142921,3 Oak Court,Ashok Vihar,Columbus,Ohio,Female,B-,13,jodevey7q@phpbb.com,unmarried
280,Ewart Danbrook,8083657840,8353 Express Lane,Rani Bagh,Honolulu,Hawaii,Male,B-,28,edanbrook7r@free.fr,married
281,Stanislaw Pollastrone,3169902248,371 Dunning Terrace,Pitam Pura,Wichita,Kansas,Male,AB-,25,spollastrone7s@sohu.com,married
282,Blanch Sor,8435773706,5 Declaration Center,Dhaka,Beaufort,South Carolina,Female,O+,46,bsor7t@google.fr,married
283,Valentine Swaby,5109945533,08013 Vahlen Circle,Azadpur,Oakland,California,Male,AB-,13,vswaby7u@census.gov,married
284,Maiga Worgan,7205106693,8 Cody Street,Bawana,Denver,Colorado,Female,AB+,20,mworgan7v@techcrunch.com,married
285,Faustina Bourner,9516337054,0069 Scoville Lane,Kingsway Camp,Moreno Valley,California,Female,A+,23,fbourner7w@salon.com,married
286,Yolane McCaighey,8037030640,3 Farragut Plaza,Model Town,Columbia,South Carolina,Female,AB+,11,ymccaighey7x@upenn.edu,married
287,Adolph Lunk,2089871004,350 Loeprich Way,Rohini Sub City,Boise,Idaho,Male,AB+,14,alunk7y@wikimedia.org,unmarried
288,Charity Clemente,9167876027,6 High Crossing Court,Kohat Enclave,Sacramento,California,Female,AB-,46,cclemente7z@wikia.com,married
289,Randy Eldrid,4043230994,958 High Crossing Place,Narela,Atlanta,Georgia,Male,B+,41,reldrid80@google.ru,unmarried
290,Frank Ivashov,2106738256,67 Onsgard Crossing,Shalimar Bagh,San Antonio,Texas,Male,AB-,11,fivashov81@twitter.com,married
291,Keith MacCartney,8164491815,954 Atwood Crossing,Bawana,Kansas City,Missouri,Male,AB-,30,kmaccartney82@nba.com,unmarried
292,Kean Scotter,5045482930,58 Lakeland Plaza,Dhaka,New Orleans,Louisiana,Male,O+,25,kscotter83@mashable.com,married
293,Keith Rawsthorne,8622760585,13061 Heffernan Park,Ashok Vihar,Newark,New Jersey,Male,AB-,49,krawsthorne84@rediff.com,married
294,Tracie Brooke,3054568177,11086 Melvin Junction,Shalimar Bagh,Miami,Florida,Male,AB-,11,tbrooke85@noaa.gov,married
295,Wiatt MacAleese,8606444231,0 Independence Street,Model Town,West Hartford,Connecticut,Male,A-,42,wmacaleese86@webeden.co.uk,married
296,Berrie Grange,8608570231,5 Montana Terrace,Model Town,Hartford,Connecticut,Female,O-,22,bgrange87@slate.com,unmarried
297,Griffy Phalp,5044050880,7741 Dunning Way,Kingsway Camp,New Orleans,Louisiana,Male,A+,10,gphalp88@scribd.com,married
298,Ethe Stable,2811732159,3 7th Park,Jahangirpuri,Houston,Texas,Male,O+,12,estable89@nydailynews.com,married
299,Sally Smees,8437732633,1905 Packers Parkway,Rani Bagh,Florence,South Carolina,Female,O+,48,ssmees8a@dion.ne.jp,unmarried
300,Esther Vanyard,9161795299,40499 Florence Pass,Bawana,Sacramento,California,Female,B-,33,evanyard8b@bizjournals.com,married
301,Esther Attrill,3186583408,7279 Sundown Hill,Pitam Pura,Monroe,Louisiana,Female,AB-,31,eattrill8c@dedecms.com,married
302,Stafford O'Cleary,2142707240,7 Anderson Point,Bawana,Dallas,Texas,Male,B-,28,socleary8d@miibeian.gov.cn,unmarried
303,Enrika Townes,6624598430,13 Granby Street,Kingsway Camp,Columbus,Mississippi,Female,A-,43,etownes8e@edublogs.org,married
304,Glad Asbery,2024043383,9048 Parkside Terrace,Begum Pur,Washington,District of Columbia,Female,AB+,27,gasbery8f@uiuc.edu,married
305,Aguste Conville,6512073798,5994 Manufacturers Avenue,Karala,Saint Paul,Minnesota,Male,O+,15,aconville8g@youku.com,unmarried
306,Kerby Tommasetti,2126233184,4059 Moland Pass,Kohat Enclave,New York City,New York,Male,B-,37,ktommasetti8h@sakura.ne.jp,unmarried
307,Fania O'Crotty,4071006104,0406 Elgar Trail,Bawana,Orlando,Florida,Female,AB-,28,focrotty8i@reverbnation.com,unmarried
308,Elly Hinge,8121632588,208 Mcbride Trail,Karala,Terre Haute,Indiana,Female,B+,28,ehinge8j@oakley.com,unmarried
309,Kele Eardley,2128327829,7 Fisk Hill,Model Town,New York City,New York,Male,AB-,22,keardley8k@webeden.co.uk,unmarried
310,Hymie Ovington,6021476208,18637 Lunder Lane,Rithala,Scottsdale,Arizona,Male,A+,35,hovington8l@edublogs.org,married
311,Terrel Guidelli,2141481487,93 David Parkway,Narela,Dallas,Texas,Male,O+,47,tguidelli8m@sakura.ne.jp,married
312,Wittie Castelot,2028066295,74024 Fulton Terrace,Dhaka,Washington,District of Columbia,Male,B-,19,wcastelot8n@over-blog.com,unmarried
313,Shina Rees,3136329697,849 Shoshone Junction,Jahangirpuri,Detroit,Michigan,Female,A+,37,srees8o@accuweather.com,unmarried
314,Torr Mapes,9165493155,3972 Claremont Terrace,Model Town,Sacramento,California,Male,O+,18,tmapes8p@opensource.org,unmarried
315,Tory Sevitt,2064945293,0 Bluestem Way,Pitam Pura,Seattle,Washington,Female,O-,26,tsevitt8q@earthlink.net,unmarried
316,Theressa Knibb,5616804525,175 Logan Trail,Shalimar Bagh,Palm Bay,Florida,Female,AB+,39,tknibb8r@1und1.de,unmarried
317,Fredia Musk,3615393453,487 Larry Plaza,Shalimar Bagh,Corpus Christi,Texas,Female,A-,44,fmusk8s@123-reg.co.uk,married
318,Cy Goldin,2673740822,44508 Bunker Hill Hill,Bawana,Philadelphia,Pennsylvania,Male,AB+,24,cgoldin8t@friendfeed.com,married
319,Emelen Bawle,7812813822,4736 Spohn Court,Dhaka,Watertown,Massachusetts,Male,O-,14,ebawle8u@skype.com,unmarried
320,Dede Hundell,5594819827,70 Toban Alley,Azadpur,Modesto,California,Female,AB+,33,dhundell8v@hostgator.com,unmarried
321,Madeleine Ahlin,5159758426,3340 Ohio Junction,Ashok Vihar,Des Moines,Iowa,Female,O-,22,mahlin8w@icio.us,unmarried
322,Isa Mottram,9195941223,8947 Kings Plaza,Bawana,Raleigh,North Carolina,Female,O+,29,imottram8x@nps.gov,unmarried
323,Trixy Karpov,9163803548,67475 Weeping Birch Point,Pitam Pura,Sacramento,California,Female,B-,36,tkarpov8y@xrea.com,married
324,Gunner Steggals,9492761809,3316 Truax Place,Narela,Newport Beach,California,Male,A-,46,gsteggals8z@opensource.org,unmarried
325,Arty Bohills,2126349779,9130 Holmberg Park,Dhaka,New York City,New York,Male,A-,43,abohills90@baidu.com,married
326,Wileen Tift,2516288450,618 Havey Pass,Narela,Mobile,Alabama,Female,B+,14,wtift91@baidu.com,unmarried
327,Gian Krienke,9202422153,59 Old Gate Center,Keshav Puram,Green Bay,Wisconsin,Male,AB-,20,gkrienke92@diigo.com,married
328,Clyde Sydall,3236039327,3265 Kim Street,Begum Pur,Los Angeles,California,Male,A-,23,csydall93@slashdot.org,married
329,Prentice Wimp,3049274105,6 Linden Center,Narela,Huntington,West Virginia,Male,B-,31,pwimp94@marriott.com,unmarried
330,Celine Shotboult,4095761858,42 Calypso Parkway,Begum Pur,Galveston,Texas,Female,AB-,47,cshotboult95@yolasite.com,unmarried
331,Edwina Lunk,2023428844,05322 Burrows Drive,Dhaka,Washington,District of Columbia,Female,A-,16,elunk96@chicagotribune.com,unmarried
332,Saunderson Scullard,4431598923,50 Nevada Point,Dhaka,Baltimore,Maryland,Male,AB-,32,sscullard97@bandcamp.com,unmarried
333,Tad Whitecross,7249592627,098 Butterfield Court,Karala,Pittsburgh,Pennsylvania,Male,B-,47,twhitecross98@youtube.com,unmarried
334,Willi Budgett,2028248957,0992 Canary Road,Model Town,Washington,District of Columbia,Female,O+,33,wbudgett99@wired.com,married
335,Winn Mabbitt,2533450890,95355 Fisk Crossing,Rani Bagh,Tacoma,Washington,Male,AB+,43,wmabbitt9a@ocn.ne.jp,unmarried
336,Krishna Elmhurst,6123297323,0 Basil Park,Pitam Pura,Minneapolis,Minnesota,Male,AB+,49,kelmhurst9b@wikimedia.org,married
337,Naoma Talboy,7133679186,4 Melvin Court,Rani Bagh,Houston,Texas,Female,B-,33,ntalboy9c@yolasite.com,unmarried
338,Marlowe McSharry,6159748982,168 Butternut Center,Karala,Nashville,Tennessee,Male,B-,15,mmcsharry9d@bloglines.com,married
339,Jacquie Dawes,8065248489,0779 Kipling Avenue,Rohini Sub City,Amarillo,Texas,Female,AB-,30,jdawes9e@epa.gov,unmarried
340,Nicolais Laetham,6156799881,09 Sheridan Hill,Model Town,Nashville,Tennessee,Male,A+,38,nlaetham9f@issuu.com,married
341,Charline Larose,4049388639,1888 Pine View Center,Dhaka,Atlanta,Georgia,Female,B-,45,clarose9g@cpanel.net,unmarried
342,Dell Brinicombe,8507372372,986 Weeping Birch Way,Adarsh Nagar,Pinellas Park,Florida,Male,AB-,35,dbrinicombe9h@salon.com,unmarried
343,Evaleen Easun,9157164674,3 Gina Avenue,Kohat Enclave,El Paso,Texas,Female,A+,35,eeasun9i@mapquest.com,married
344,Cullie Hughlin,9199254967,926 Macpherson Lane,Begum Pur,Raleigh,North Carolina,Male,O-,45,chughlin9j@cnbc.com,unmarried
345,Win Cervantes,3049615308,3 Fisk Circle,Jahangirpuri,Huntington,West Virginia,Male,AB-,10,wcervantes9k@hud.gov,unmarried
346,Christoph Aujean,5409912722,9931 Walton Crossing,Rithala,Richmond,Virginia,Male,B+,23,caujean9l@github.com,married
347,Alvie Devany,4086746884,04 Del Sol Court,Rithala,San Jose,California,Male,AB-,40,adevany9m@nymag.com,unmarried
348,Bridget Lusty,8106033943,563 Knutson Court,Pitam Pura,Flint,Michigan,Female,O-,20,blusty9n@fda.gov,unmarried
349,Glennie Horsey,4154472974,5867 Harper Parkway,Adarsh Nagar,San Francisco,California,Female,A-,46,ghorsey9o@icq.com,married
350,Dolorita Bugby,5626112830,72840 Spenser Way,Dhaka,Long Beach,California,Female,B+,21,dbugby9p@123-reg.co.uk,married
351,Janet Gypps,7574824614,7 Clemons Place,Pitam Pura,Hampton,Virginia,Female,O-,18,jgypps9q@yahoo.com,unmarried
352,Herby Velasquez,5592873055,39 Mcguire Court,Adarsh Nagar,Modesto,California,Male,O+,11,hvelasquez9r@ucoz.com,unmarried
353,Hunter Pardew,5598166455,475 Pond Circle,Azadpur,Fresno,California,Male,AB+,41,hpardew9s@walmart.com,married
354,Care Diess,7031511144,26 Longview Drive,Shalimar Bagh,Reston,Virginia,Male,A-,13,cdiess9t@discuz.net,unmarried
355,Clemente Cecere,7722607246,029 Burning Wood Court,Jahangirpuri,Vero Beach,Florida,Male,A-,21,ccecere9u@economist.com,unmarried
356,Marchelle Scurrah,4073184382,80 Schlimgen Place,Kingsway Camp,Orlando,Florida,Female,A+,22,mscurrah9v@reuters.com,married
357,Laney Gotch,8508497256,7 Sundown Pass,Karala,Pensacola,Florida,Male,AB-,46,lgotch9w@biblegateway.com,unmarried
358,Flossy Wetton,8141640531,61 Stuart Street,Ashok Vihar,Johnstown,Pennsylvania,Female,A+,19,fwetton9x@bing.com,married
359,Ailyn Tulk,4079587780,889 Delladonna Parkway,Begum Pur,Orlando,Florida,Female,B-,22,atulk9y@mlb.com,married
360,Letta Armstead,5126567794,8 Armistice Place,Kingsway Camp,Austin,Texas,Female,O+,26,larmstead9z@intel.com,unmarried
361,Garey Agutter,5854272566,638 Huxley Lane,Adarsh Nagar,Rochester,New York,Male,B-,19,gaguttera0@mayoclinic.com,unmarried
362,Randi Edel,3026633670,201 Weeping Birch Parkway,Dhaka,Wilmington,Delaware,Male,A+,26,redela1@unesco.org,unmarried
363,Pieter Naylor,6121880391,811 Kings Parkway,Pitam Pura,Minneapolis,Minnesota,Male,O-,20,pnaylora2@live.com,married
364,Robers Stelljes,5156429081,9 Welch Drive,Karala,Des Moines,Iowa,Male,O-,10,rstelljesa3@amazonaws.com,unmarried
365,Jerad Larkins,2173203248,06 Cherokee Drive,Azadpur,Springfield,Illinois,Male,AB+,48,jlarkinsa4@blog.com,unmarried
366,Jule Yakubov,5153414462,41 Merchant Lane,Narela,Des Moines,Iowa,Male,A-,29,jyakubova5@pen.io,unmarried
367,Iolande Delea,5101299103,35 Carpenter Plaza,Shalimar Bagh,Oakland,California,Female,B-,21,ideleaa6@deviantart.com,unmarried
368,Marlow Givens,2085080840,09 Gina Drive,Karala,Boise,Idaho,Male,AB+,23,mgivensa7@tripod.com,unmarried
369,Manuel Lewin,2027826915,39 Ohio Hill,Begum Pur,Washington,District of Columbia,Male,B-,37,mlewina8@theguardian.com,married
370,Tye Temlett,2029373407,9550 Gateway Alley,Bawana,Washington,District of Columbia,Male,O+,30,ttemletta9@yale.edu,married
371,Jacinda Greatreax,3095802326,74999 Bunting Avenue,Jahangirpuri,Peoria,Illinois,Female,A+,16,jgreatreaxaa@home.pl,unmarried
372,Aggy Fiddiman,9528514863,208 Little Fleur Way,Rani Bagh,Young America,Minnesota,Female,B-,23,afiddimanab@google.com.br,married
373,Mildrid Caush,4699574934,26122 Arizona Terrace,Pitam Pura,Dallas,Texas,Female,A-,17,mcaushac@woothemes.com,married
374,Del Clayal,9195172689,330 Raven Terrace,Keshav Puram,Raleigh,North Carolina,Female,B+,11,dclayalad@is.gd,married
375,Lucio Cash,2131858725,94864 Holmberg Road,Kingsway Camp,Los Angeles,California,Male,B-,27,lcashae@myspace.com,married
376,Arri Dot,5592811077,80245 Cambridge Drive,Shalimar Bagh,Fresno,California,Male,AB-,44,adotaf@hostgator.com,married
377,Richart Howbrook,6465305051,7 Dottie Junction,Adarsh Nagar,New York City,New York,Male,O+,44,rhowbrookag@hp.com,married
378,Lolly Makey,7049388824,9 Harper Plaza,Kohat Enclave,Charlotte,North Carolina,Female,AB-,32,lmakeyah@shutterfly.com,married
379,Francene Froment,7023832016,08272 Meadow Valley Alley,Kohat Enclave,Las Vegas,Nevada,Female,AB+,34,ffromentai@oracle.com,unmarried
380,Tania Waryk,6104858470,05380 Paget Trail,Ashok Vihar,Philadelphia,Pennsylvania,Female,AB-,36,twarykaj@about.com,married
381,Ravid St. Aubyn,5854301655,43730 Texas Place,Adarsh Nagar,Rochester,New York,Male,A+,18,rstak@dailymail.co.uk,unmarried
382,Ardra Streetley,7856764047,1473 Bonner Place,Kohat Enclave,Topeka,Kansas,Female,B-,38,astreetleyal@facebook.com,unmarried
383,Lilith Wandrey,6306838049,2 Havey Road,Karala,Chicago,Illinois,Female,A-,36,lwandreyam@dailymotion.com,married
384,Wally Talboy,4045380115,731 Amoth Lane,Narela,Gainesville,Georgia,Female,AB-,47,wtalboyan@umn.edu,unmarried
385,Anabelle Hardingham,2024687181,46902 Dayton Place,Rohini Sub City,Washington,District of Columbia,Female,AB-,43,ahardinghamao@themeforest.net,married
386,Celestina Cawsy,9047771248,4 Monica Circle,Dhaka,Jacksonville,Florida,Female,B+,34,ccawsyap@globo.com,unmarried
387,Caitrin Garioch,7194524366,853 Beilfuss Circle,Pitam Pura,Colorado Springs,Colorado,Female,B-,37,cgariochaq@gnu.org,unmarried
388,Bert Calltone,7314546930,3715 Northwestern Point,Keshav Puram,Jackson,Tennessee,Female,B-,24,bcalltonear@businessinsider.com,married
389,Marybelle Kanzler,3108763738,377 Eagan Pass,Keshav Puram,Palo Alto,California,Female,O-,16,mkanzleras@usa.gov,married
390,Maximilien Flintoff,3232589218,458 Amoth Center,Keshav Puram,Los Angeles,California,Male,B+,33,mflintoffat@digg.com,married
391,Rebe Pickering,8162076885,720 Derek Place,Kingsway Camp,Lees Summit,Missouri,Female,A-,28,rpickeringau@admin.ch,unmarried
392,Inna Keesman,9199538690,9648 Delladonna Avenue,Bawana,Raleigh,North Carolina,Female,AB+,39,ikeesmanav@ucoz.com,married
393,Clementius Labba,5158123762,739 Troy Alley,Rohini Sub City,Des Moines,Iowa,Male,AB-,18,clabbaaw@bravesites.com,unmarried
394,Odey MacDuffie,9044841784,8413 Lillian Hill,Begum Pur,Jacksonville,Florida,Male,AB+,38,omacduffieax@blogger.com,unmarried
395,Sawyer Wilson,2312892960,30133 Bultman Drive,Azadpur,Muskegon,Michigan,Male,B+,38,swilsonay@redcross.org,married
396,Emery Gianneschi,7022151698,074 Golf Road,Kingsway Camp,North Las Vegas,Nevada,Male,A-,49,egianneschiaz@marriott.com,unmarried
397,Edee Shalloe,4096556720,11458 Pleasure Road,Azadpur,Spring,Texas,Female,AB+,18,eshalloeb0@statcounter.com,unmarried
398,Bartel Salliss,5057167866,133 Division Center,Rithala,Albuquerque,New Mexico,Male,A-,48,bsallissb1@bloglines.com,unmarried
399,Dominic Von Gladbach,8048053482,7 Summerview Circle,Model Town,Richmond,Virginia,Male,B+,14,dvonb2@spiegel.de,married
400,Maxy Ferrara,9184525562,3713 Nova Crossing,Ashok Vihar,Tulsa,Oklahoma,Female,B+,26,mferrarab3@bloomberg.com,unmarried
